0,1,2,3,4,5,6,7,8,9,10,11,12,13,14,15,16,17,18,19,20,21,22,23,24,25,26,27,28,29,30,31,32,33,34,35,36,37,38,39,40,41,42,43,44,45,46,47,48,49,50,51,52,53,54,55,56,57,58,59,60,61,62,63,64,65,66,67,68,69,70,71,72,73,74,75,76,77,78,79,80,81,82,83,84,85,86,87,88,89,90,91,92,93,94,95,96,97,98,99,100
2.829098560156588,2.6620181045200297,2.655078327647712,2.6855681235667905,2.604140855098432,2.662879487481744,2.7942969568344074,2.568273138269423,2.650382397448195,2.915650997495254,2.5877055415141896,2.593257021834064,2.805173428279395,2.6587773112144797,2.6961414800350614,2.792258687296708,2.621366656383037,2.720076475492591,0.82337500278698,0.6468414422386575,0.20308228050286914,0.34163046719683265,0.3746060283191559,0.35713174726164176,0.6117657719130039,0.8447730830208773,0.6329113693732555,-0.10362468993199059,-0.5405212793527534,-0.44197026546192575,-0.32577194165939716,-0.36755883504537135,-0.7040550047097156,-0.2378817670136506,-0.602495221342985,-0.5131468715500676,0.3055518517512086,-0.6914429390103027,0.08970589271566798,-0.05946128248427662,-0.8280552307174869,-0.21951196502012849,-1.144229956767628,-1.1284819333162321,-0.6903212935973393,-0.791607881088451,-1.8209974570071923,-1.0176632362253066,-0.5550958949578879,-1.3875727839258607,-1.496186192612245,-0.6487497335683914,-0.9353891765605109,-1.881615517173274,-1.5206633711081246,-0.8512420070668911,-1.6499044162618368,-1.3736708958354003,-1.300001541509765,-1.7891497126060294,-2.1192433146461624,-1.1634896977034543,-2.018733943477468,-1.91186442629897,-1.3456931594518569,-1.9452773375891006,-1.9283819282765373,-0.9596386865584021,-2.0628119046477473,-1.6556687952829305,-1.3800994619886318,-2.316067107172392,-2.2498161472353533,-1.5847942548716203,-1.9134668993686335,-2.288698976436493,-2.1819605043442767,-1.6033240731112013,-1.9041729608862639,-2.622009696560232,-2.668909172096947,-2.52882702309648,-2.9664245802819207,-2.4070736032859057,-1.5357845939126635,-2.1389108478312755,-2.975739662066761,-2.2096314864959634,-1.5841289805817054,-2.8073974246137414,-2.543884767804037,-2.0956266569454503,-2.522111970673812,-2.9056748511461565,-2.269442094627939,-2.687617463270345,-2.4487831368613198,-2.5563732028715966,-1.848929036434825,-2.3888413211266526,-2.6876778110260635
4.3943178602847155,4.439522953657033,4.138243577181395,4.538883267442189,4.2666073996443,4.456832955946748,4.402791742786035,4.462380938394377,4.258035014916745,4.512467525103957,4.129572014405695,4.408080855444784,4.476929256528996,4.453290072457348,4.341224683016792,4.380884116804308,4.442957060559784,4.284904388146411,3.7915411351873978,4.184362523708538,4.13682673140267,4.271439159382252,3.844542442319753,4.205428176285802,3.9069584945244316,3.6493880118862654,3.847030854399347,3.9687761579616803,4.022177197198323,3.1829978573609505,3.8531647414427104,3.589123463454233,3.6931240783154555,3.69573312225723,3.8830972588028976,2.894082201535414,3.610962183682643,3.568075376138572,2.7816056859966176,3.12238016608085,2.958930544181075,3.455846206729497,3.7447741498081584,2.7629075830731393,2.6976413331671862,3.1365736264950046,2.9665686078936835,3.3780986693953325,2.927371578992191,3.4117054072491975,2.7159085507944667,2.410643087210066,2.3285962002682314,2.4575993100272484,2.3953548489815413,2.4847515473285426,2.555462805576094,2.3836372724092305,2.161442177439886,2.100083041910363,2.7489394230624766,2.129386835180995,2.15684114791284,2.0983852362569335,2.894809273112143,1.907402581630965,1.8346451939459572,2.7594628459277946,1.891584159843032,2.421902953256435,2.467267689432515,1.8469927628318468,2.240213712461908,2.4718836884643984,2.1866294684486043,1.762524120795157,1.5159485446247727,1.4822818543782512,2.469591239821037,2.354500437662688,1.44085717777741,1.4538961558413268,1.066900275834211,1.9583164731452474,1.4251352426092376,1.1939308764333578,2.1120388824111203,2.1617996631603047,2.2494681647479506,1.5799631198038462,1.3142551475761053,1.5538112487259035,1.0485360787803897,1.2688364246897441,1.3342100453322736,0.9098503434783485,1.4821922657381004,1.9585077343415884,0.7732713015153152,1.0997085080326068,1.5673153807402267
1.8036314967819358,1.9062495441028053,1.944632467523622,1.738856565234407,1.7533038663258882,1.7369234941339524,1.8669824806068949,1.6214138497565838,1.654008402002857,1.730806642479907,1.7379257555633156,1.983332653868386,1.859245981447387,1.5955455375680305,1.789057710146304,1.7199489806436556,1.8900077832534903,1.6082725609498016,0.746678828841838,1.2651759729163423,0.34484039497198893,0.7647165607155024,0.5191119717500445,0.5091943921107038,0.6767396724189343,1.0627229494200137,0.8290516620227226,0.521384618452899,-0.06475416708448378,-0.37952042600395863,0.4133731838988908,-0.027847773269018106,-0.4541027428557616,0.2711868685784342,-0.38958338755232447,-0.5466511164787757,-1.3877359446768116,-0.8830776218772165,-0.20043565949048503,-0.7931084471171506,-1.2440913852884812,-0.16712318054458652,-0.19555128061031635,-0.30487069150841517,-1.3340417840451124,-0.6190319136330684,-0.8723640866850575,-1.3677394913716094,-0.8866896550190644,-1.3734268264497054,-0.9653479919667145,-1.3318904241053797,-0.7156988259842301,-1.1385601848303164,-1.8045812872851048,-1.0343388710429053,-1.2748024877602289,-1.7034804377168102,-1.445708857216851,-1.2605483339984476,-1.5311382214554357,-1.9597974480064906,-1.8475561774011044,-1.864801298472785,-1.2313182460624867,-2.331877030691027,-2.2502441944662284,-1.8152646028370736,-1.4836025600556004,-2.486132990588823,-1.5746793381267166,-1.4888573226255604,-2.0291556290928847,-2.484480141933509,-1.5538283756992923,-1.512536946890041,-1.5305230866540516,-1.8483449822615778,-1.795225044676144,-2.732252605308867,-2.771606567142202,-2.35187660445248,-2.3820641101987627,-3.076856998192018,-2.591962557958177,-2.650226323078882,-2.2870267848427046,-2.6782745986109964,-1.7955987592614902,-2.316961033743709,-2.957873920216903,-3.013709868615593,-3.226858827704251,-1.9616392490860468,-2.094069586765384,-2.0965869964578303,-3.0196521066457542,-2.5021377692818056,-2.200298012652886,-2.6242337311142263,-3.1742600529804372
3.0119099354633105,2.7549179546734504,2.9979509396848174,2.8048328943463323,3.036621616829997,3.040235753681685,2.769459184176023,2.7797928002863364,3.0543053856826443,2.8958109179358367,2.975983901863027,3.1313942405665083,2.8960484452283817,2.847015896716405,2.7777673775601386,2.9210819579779743,3.0009638180343607,3.045247731432095,2.483040766217969,2.6985452895947972,2.723283861878654,2.6010846377277126,2.565584225623554,2.5295135227730423,2.5741790723211233,1.7804730669142455,2.4185824356831933,2.5899997669973427,1.6443223121389474,1.346466481198985,1.1222294145939946,1.8139485238927957,2.140418266050334,1.1468683274032436,1.1467206345492214,1.1153424924538742,1.3744886265644292,1.0234205460926526,0.8773013734706199,0.5866724829752545,0.48934409161213566,0.519832423472141,1.026867602717159,0.8988752847205292,0.5787571392576041,0.39784632637078765,1.020595301932703,0.5648066379634411,0.5773339704326865,0.7784024822592484,0.4984747149961608,0.28413508681932953,0.3324883506603449,0.09554824925305017,0.579557630620517,0.16629227963141613,0.826043383779286,0.9284857814715641,0.5004297385803929,0.040498300280189525,-0.33559137115097215,-0.044989207605995674,-0.10888035177119537,-0.06539475226813352,-0.2997229836090858,-0.0987817288901569,-0.2930161609906978,0.5885980753355025,-0.7026592929652979,-0.017509148432424126,0.5654979555950401,-0.48750316804420546,-0.04718710686223648,-0.2656200427856339,-0.2722655961041731,-0.9246583193835445,-0.5258982896257907,-0.035761742082453196,-0.7180881121096636,-0.14597647447587914,-0.2284717738819424,-0.35251762445506873,-0.0885435307069029,-0.5048248675101208,-0.7557191357224937,-0.6369280335043515,-0.14566902150069438,-0.870065811728093,-1.1097207640558526,-0.32062034040388276,-1.3692581568482645,-1.2025173695989615,-1.035167992753271,-0.8771250585253503,-0.28737404224565566,-0.40596858637872657,-0.5838010534684734,-0.223596656778712,-1.1229351696961878,-1.0432112673960656,-0.8041302014014331
2.178335286393456,2.098042150889869,1.9439289730969005,2.008646269997942,2.187250035364695,2.202809913038606,2.0198004345928116,1.8164048203256797,1.8939545668455144,1.8345492900474198,2.0794658714437864,1.964836516769588,1.8959776522486242,1.9364339201951601,2.050301167475169,2.08703538202786,2.025606075359007,2.045394403868607,1.3077048975330579,1.0652174653166968,0.3519701974004521,-0.1406264318135504,0.25972651401963365,0.30899972460586866,-0.08953291786061346,-0.07895980604543684,0.25062083447711814,-0.23246096053889342,-0.5265397557321645,0.04527507861279911,-0.14917011332796015,-0.10354249287043071,-0.7837977914362302,-0.39789266248196675,-0.9911449687792366,-0.21049756728613112,-0.6988290525480121,-0.8598325226420975,-0.9159105706982267,-1.0591387193323643,-1.2326409150349793,-1.6535140476020906,-1.228281549791749,-1.4417820497440035,-0.8373426553581531,-0.9779906428687424,-1.4937724962235555,-1.036405578655157,-1.4340587929341133,-0.7517411332543915,-1.6211980661528846,-1.1723390494764674,-1.382935148903207,-0.9405150251402157,-1.0095360675297185,-1.81106354922641,-1.2744326313334158,-2.144125447877152,-1.895903775271143,-2.34781986568903,-2.0775297892736235,-1.4413202555910827,-2.200660400776462,-1.5922060200588888,-1.5368631322496489,-1.8660415448898897,-1.918539635400129,-2.055487196576496,-1.5934346860108155,-1.8636840644997381,-2.407985950780975,-2.155758081947953,-2.701173413738336,-1.615518787330669,-2.7996563052333805,-3.069815401334689,-2.0820454649019773,-1.600326372038917,-1.8342406454753064,-2.8256499281610337,-2.905493584986824,-2.9835309423601384,-2.5116896619149838,-2.100454965099889,-2.623087965650151,-3.113974194019606,-3.22612673783005,-2.3476070044534056,-2.1844549944112908,-3.085088711063265,-3.2211995902317696,-2.8878792665775945,-2.826051973430177,-2.9812206039773486,-2.080432051056164,-3.35441095169363,-3.002136992069831,-2.881732349303528,-2.0808588925984566,-3.685325009017988,-2.8155549045180903
2.1587557129206223,1.9024541480944919,2.266291219669564,2.3678505036839415,2.026712730076877,2.3545419623267314,2.0621222262586016,2.1432629460055717,2.2899790071340727,2.191509305563386,2.202873088656337,2.1700376247733457,2.3034800770079027,2.1574789092618447,2.2410409812664245,1.0431775841760214,2.240437946729225,2.195310200607275,0.6359221934846957,0.8920199403599138,0.9107045667976887,0.8831621962128287,0.2651322125895206,-0.3750140017259014,-0.23391037632767642,-0.3100190376486518,-0.18847981037200956,0.5981968651766598,-0.08584921589842143,-0.4556197739317662,-0.32253984814672076,-0.44059048651565824,-0.8868974738955844,-0.578944819869216,-0.590810062959358,-1.073942542081567,-0.48262854935182276,-1.346145835140625,-0.39769353330350476,-0.7625940887715075,-1.1223844864211738,-0.6502628040543561,-1.2040743178573097,-1.5948432657101153,-1.6260409213454192,-1.5928182474538009,-0.7737963474038043,-1.2531022619165286,-1.7455906573488553,-2.1449413043234493,-1.5100189798335801,-0.9642683091983875,-1.562291295138416,-1.7492883962315204,-0.9270135607985752,-1.2621071276634517,-1.9073784996038823,-1.9632860266015904,-2.044286834217468,-2.0621821066658974,-1.9511301623459438,-2.17935629607157,-2.317808481642249,-1.6053172450460433,-2.0010441870629734,-2.2634128413292514,-2.869136128181138,-1.583326442149918,-1.7556851636730482,-2.924936663330336,-2.2188320502315406,-2.2769876347700597,-2.5836316831288215,-2.674689668822187,-2.549083006241464,-2.852290885921997,-2.917465443254123,-2.222242804283746,-2.8307789381619903,-2.4373026996177014,-3.037287760999262,-2.593017794011242,-2.854842494152538,-2.4218572126020925,-3.2545501907323064,-2.7531292634737063,-3.3640205239388834,-3.026871559499736,-2.980178962504924,-2.5481266909916824,-3.3806918951933183,-2.6090697598995947,-2.4763130404646985,-2.475175403588323,-3.8446904232574983,-3.1540690899417365,-3.2239371938017927,-3.761718394113106,-3.127931721018679,-3.338457656121367,-2.8529115492612505
3.1301033149405217,3.2268392024827044,2.9650427648699758,2.8624792053502377,3.1542340778008437,3.279895120387671,3.083960753756571,3.3146116108651364,3.1015451607546556,3.018538585155145,2.9625676121404663,3.286248198485273,3.2652058855385055,2.9821717742793536,3.2749628290584534,3.052832143640118,3.022700481875326,3.2377955968387164,2.7096323197505443,1.5983626395858153,1.7616149701385933,1.962658408669462,1.2066957023008866,1.5865384224026142,1.7899003693845241,1.273046105214986,0.9082857054576463,0.43268661587629786,1.0272842409005358,1.0071293978757172,1.4591687122077737,0.46999955086731404,0.29654739505507877,0.8373445362247507,0.8268527132027899,0.1789626030499578,0.4825410861088404,0.2762620884510314,-0.15774042079707407,-0.29052927617126834,0.7267137953842902,-0.02834007920094095,-0.4007626090104983,-0.5562175593246801,0.05511282564214781,-0.08747478430429467,0.005015928514604084,-0.6006964198987719,-0.4547795783043762,-0.20801612074909048,-0.3020670216524879,-0.41279013801865716,-1.153076446236338,-0.5861604556827604,-0.5519908941202099,-0.6610876215944126,-0.26581351703212786,-0.20558465666444103,-1.3610883505305464,-0.21705160861681705,-1.639384765216895,-0.5972098468991653,-0.6510891231778206,-1.4348496658453262,-1.2859107967093788,-0.4310444281361958,-0.7817371196060225,-0.7606921862222222,-1.270800850933652,-1.1206357421581536,-2.028784606657772,-1.5316330950064305,-0.9036909138189353,-1.516020554379769,-1.1668081525836618,-2.4861339344791844,-1.6334900764670355,-1.5657170558897544,-1.5163878334706666,-1.8027428047378367,-0.9003560708053326,-1.74213150685694,-1.7396482995956735,-0.9511924788863606,-2.1485368917593473,-1.6158199713806338,-1.7742618158763195,-2.2633717713808945,-1.8726505713568908,-2.0371434936094808,-2.7345215118110184,-2.439744166191649,-2.6225583101812457,-2.6363827599767173,-2.6206349023508757,-2.6869399924359154,-2.0310309876811665,-2.2047245200000827,-2.7228437231663296,-2.2852688735523765,-2.8908473876969056
0.7700385014494078,0.3152800913532179,0.6689218377083463,0.8878659460656291,0.6603152473189464,0.7503275228066357,0.7823196718709529,0.7585042951257819,0.7091997474346883,0.5781872720626282,0.8378111593885933,0.624126474192547,0.0505488954313158,0.6331072285481127,0.7529415819732233,0.7185343432291322,0.8536236732463074,0.62432759227835,0.38060456570176626,0.5339144581074002,0.5478937523718947,0.3029455940408923,0.014647011329801174,0.5620014459566409,0.04850306627494838,0.09514888974394786,-0.09899105908744055,-0.29046188819213725,0.01748997063418578,-0.07376623086775602,0.08828362420469382,-0.6084002444687737,-0.898232389146143,-0.47344294607888315,-0.34467183983618277,-0.21965045266563443,-0.5183339837471959,-1.0136384456672722,-0.9969146063250482,-0.7829944417551005,-1.2055634497382073,-1.186905561122943,-1.1710477074558652,-0.1614323806841096,-1.4867186280194522,-1.503157644106846,-1.37842761329106,-0.7072722283699377,-1.0785940238598481,-1.00547183078341,-1.6864697674863436,-0.9129580445567882,-1.568193300038935,-1.4523977906688268,-1.9842776887772962,-1.6604455647217726,-1.2866353657047123,-1.5070141080244124,-2.2644576949581925,-2.0151852944779813,-2.025166368034249,-1.585281220238529,-1.4550329561078783,-1.613185155689366,-2.2013088411951642,-2.1337740620637122,-1.7202752610330645,-1.9695926694724228,-1.3693392527412964,-2.800506896292439,-2.106467645628217,-2.522374994225209,-1.7552568519697758,-1.8067827718977671,-2.435445969171612,-2.0970134508072507,-2.559754025071503,-1.5175561753200233,-2.472239464876685,-2.7059379071033174,-1.9229580000315085,-2.5687358786156382,-2.2645095476072585,-1.9080007041333928,-2.853829873341449,-2.8636158360788384,-2.6375055348729317,-2.776625672846585,-2.922090287929824,-2.3761135696537083,-2.1253456636252857,-3.032078025781188,-3.164251888921086,-3.1709244735036997,-2.457049109248789,-2.40309190632997,-1.9897995898930576,-2.862250736582128,-3.436669505291328,-2.305333410318241,-3.2308750085057065
3.6590461962812624,3.668201089896109,3.464849572378087,3.7423483077940425,3.5791099380329854,3.729055539909056,3.5550060118425097,3.474982136763497,3.4481383903151386,3.5822050759472788,3.517726897346459,3.7189858012111143,3.828604942062907,3.5227075064464053,3.67231456419876,3.4800316224935637,3.786440015630623,3.5388075936157195,2.2805756321410318,3.1337710948436275,2.313711846497913,2.455861898141271,2.369513856560822,2.6319548370015715,2.148908551488714,2.272688962549629,2.3227957193018103,2.5420272930455425,1.9784920176988416,2.6172039903011353,1.51872353300858,1.244653365991267,2.338129229225739,1.0257865761501002,1.4658028914916823,0.9137135028035646,1.0956910454055322,1.0033361360453643,1.4856190407239067,1.5530785560524416,1.2623580941621348,1.3648962700118155,0.934318366346333,1.344062806873712,0.5877784520109905,0.17428180796666126,0.4842761684851906,0.45360425693538,0.47330833525464033,0.44758353715187926,0.9307107626695723,0.8485257339379988,0.6444624780478669,0.32443598502259174,-0.032048486694045586,0.5073263322646042,0.061253097256537714,-0.04013413160247925,0.5416438993741624,-0.3968858570995506,-0.47296339926454856,-0.15035366878018852,0.702526062834278,0.5845783589368247,0.18095676282503526,-0.44813040146704175,-0.0920961920064256,0.30209270368771346,-0.5101564968581433,0.018961813772619962,-0.20480600090242618,0.3340853039737013,-0.71999241069829,-0.3115915613183544,-0.9363053290386505,-0.22142280335486664,-0.8041454180091607,0.00401777895869504,0.14598400255728272,-0.7547602833277267,-1.1027938028258122,-1.0168319587973818,-0.6808053171480308,-1.3433226648364691,-0.8509575812169841,-0.23952164841559487,-0.8920572387834724,-0.8993619789948379,-1.8690278510879326,-1.383493311012261,-1.1503617371408401,-0.8128133784813523,-0.680635514778432,-1.533299523753227,-0.20627192288606544,-0.4650111297633872,-0.5641043439780589,-1.5238056196928333,-1.7398666959528066,-1.067463525947101,-0.9891715745976954
3.66381000753272,3.3596132004238406,3.57426193767476,3.614440194744877,3.4897805479283575,3.72569952958443,3.603396944058993,3.395866835228502,3.679990964779492,3.4195952661714726,3.668934785538611,3.5824305299754364,3.3155600401436045,3.7715986625783495,3.3683682955877696,3.5973840992864776,3.606861364073649,3.722672557593693,2.08893172907503,2.1780740809807018,1.9222134842305874,2.2080782698760677,2.6936825171241683,2.265219856351603,1.976588289653325,1.9884695600172835,1.6302655419629373,1.7019656599202913,2.090219693505026,1.9082066873795682,1.9917370720792915,1.7594346647401906,1.0443579549371984,1.7311617907811412,0.7066745787724686,1.8113088805743311,1.4920896488592206,1.5761608706382964,1.6473834753784908,0.9010800942505544,0.7362615498409868,1.0231712933350074,1.1158946866537658,1.1396108633623516,1.180805158223511,0.5183160173001902,0.9311269568351914,0.4935410679397787,0.9961143341501177,0.0567937303900834,-0.06696743943571537,-0.07574094981972479,0.680392548155508,0.5899370203035348,-0.2245551165370454,0.06754567593418681,-0.10056745565094527,0.4589211704321494,-0.07982647490458827,0.09908491349559334,0.18567055325378945,0.25949925164575927,-0.7937288040544734,-0.7876944774558527,0.15293254455164096,0.07851608166292046,-0.8826330099480133,-0.2518362651543873,-0.8318459888737149,0.2915799330147335,-0.8599472780247117,-0.8904226884637456,-0.6650973522195347,0.03980681732575686,-1.1070724274506123,-1.2320702270617092,-1.2433583822332528,-0.8808239897022618,-1.4809347481962574,-1.1978895780966319,-0.9735837929461377,-0.7261811073987268,-0.846903923575332,-1.3370765401893188,-1.400852500928437,-1.195939540592824,-1.3632991208144833,-0.9981215018272778,-0.9618141927365471,-1.2369568674074243,-0.9215481529688221,-1.1924906675142912,-1.7931102556813574,-0.5816608112240811,-0.8922232684860969,-0.8691698669122099,-1.232317244035853,-1.8524729129241209,-1.6285534395535448,-1.9501366348257223,-1.1425434948763424
-0.440625206210834,-0.3775387162300827,-0.4388434154024381,-0.5045584512551162,-0.49305171883789,-0.3095839701887293,-0.7010808488799825,-0.4000550217133618,-0.3411448913993045,-0.4608268917463221,-0.4113147234205172,-0.37873913244505,-0.3866225886298995,-0.4520830641982503,-0.6228755142296354,-0.5341928458095655,-0.522990750917927,-0.4211434785876058,-0.8618102433532417,-0.7196108729251645,-0.7859770844331013,-0.9159460058513762,-1.0404333850137872,-1.0329948545715073,-1.6165037374237974,-0.6810022264286566,-1.6046088107474246,-1.4750055568881528,-1.8430823751467926,-1.9719436512724595,-1.7163628201631536,-1.8257717587402071,-1.067956367697744,-1.9735993159347585,-1.9395243206525823,-2.2016485284390663,-1.8268849131341138,-1.6311418081722318,-1.9762739838629386,-2.2695042448615936,-2.1763006991705858,-1.956894615882372,-2.0773511975759966,-2.0852803815471876,-2.1414549637532643,-2.839110421186265,-1.5567707805900106,-2.0272366388082137,-2.2655937886166653,-2.8057309625909754,-2.1953183661801754,-2.7403946988689514,-2.7100634280536813,-3.0519721329987988,-3.080456141968032,-2.5769352255799802,-3.215805400537593,-2.574087449379914,-2.1040712142583073,-2.786231396871302,-2.9327400336742384,-2.3696002998015384,-2.9212201857856757,-3.169362341613212,-2.2666515460875516,-3.217249530047269,-3.4476229556060893,-3.354314483313259,-2.584294964156695,-2.7909816610848495,-2.585966080448693,-3.5630805490398503,-3.070167139776938,-2.5851407679651546,-3.288071192817462,-3.7573147261911553,-3.600610315603446,-2.822488361463158,-2.9747483969956443,-2.8136286357019182,-3.3337799605136427,-3.3769798390408825,-3.2520579689682183,-2.943150099040614,-3.60648596636668,-3.439537120426265,-3.60736590546146,-3.743480109065052,-3.3414394244164782,-3.5140940842320605,-3.2032850420307915,-3.291645894582164,-3.6678293477107955,-3.916139554595209,-3.617988317209101,-3.6534318958476693,-3.6369357196452974,-4.468921444478416,-3.8958578479057584,-3.9873475505139293,-3.400389950664576
2.456762370176545,2.73050928646137,2.79010933461855,2.6946098700465573,2.8139561868128933,2.6643001588106427,2.8279144329750485,2.8124186877180746,2.5559771597441774,2.638166029484265,2.545518811628498,2.873692644227231,2.5478840475333806,2.8064315089398324,2.8424654441291084,2.5826580094407223,2.8077936564859334,2.7412021244636904,2.6656550191111634,2.668705673034915,2.7247989914024204,2.7972806900580798,2.427238661750846,2.7352692663240754,2.5631775761031257,2.394055448699044,2.663774808042657,2.6390000768711266,2.728958318864973,2.587169780818015,2.585765356065867,2.323694257276527,2.6050289858373183,2.279791316449672,2.3414218857769207,2.4710112412706895,2.130584188077142,2.427977447782542,2.614069213161839,2.4000656257273913,2.5161541739534465,2.66348036865592,2.356071886444301,2.4956827306391967,2.1345268457537028,2.460299476988924,2.430636171100251,2.1851913742851616,2.386142791479571,2.283149761315012,2.2238935981541124,2.4978641937767145,2.388081241721972,2.482176608175842,2.1864151169040555,2.373268077783705,2.544263055191867,2.203542410688782,2.1087357673979286,2.2017209759234184,2.442593555093948,2.260164388400157,2.186696703988334,2.1397283489287844,2.1033825801030517,2.3394982939940263,2.451417941954082,2.00690197684544,2.2196981337602217,2.3354440119058104,2.0576414735002464,2.3808277735217214,1.8495686422606061,2.197403454442858,2.334547048214592,2.0993496414691553,1.3170834864590262,1.4829113001663856,2.3605667153925154,1.3465796763826612,1.487777441893427,1.5248489836015473,2.0125026219643187,1.147786906935763,1.1808557356748661,1.5324804737380493,1.8573468812988505,1.4269395318463163,1.6458346146765033,1.5936285241891275,2.061482661692584,1.6491949202581715,1.6143560405296329,1.9735282323340675,1.6570355409606927,2.0499668309315355,1.3128812651993407,1.6785044214523275,1.3917263024200786,1.3597845757188791,0.7710188783632308
1.5006319241339963,1.618135263705673,1.5794904832886711,1.4655690070530998,1.7284007392118106,1.8208242678505648,1.7644338279792944,1.8027682741538484,1.6030938432283897,1.7895574663778948,1.616215350967808,1.677646231919196,1.687458862576852,1.5093609725465384,1.6979809850656906,1.797697719629296,1.430672110749633,1.669199166783871,1.5449105565975856,1.0884122252190984,1.3166813171094613,1.2906368091563802,1.6647073465120457,1.5244047678216397,1.5655487478424526,1.569976876842821,1.4899374385982433,1.388628159979799,1.5889714328884939,0.8081130278600774,1.4165725734339585,1.4132235311973478,0.8621736689915274,1.3737160503345454,0.6599478040623215,0.679070945210352,1.4321436546898862,0.8464168342457103,0.42744246801294317,1.1969083851183182,0.800435653575633,0.6720771103706262,1.086293127810082,0.38561676690156155,0.9682335621945004,0.8641696630150637,0.6087344436170383,0.38468698281644365,0.39876395625851657,0.39919170091975786,0.7098099133848645,0.04635363459677322,0.629747085322613,0.21711397653161235,-0.015670490292485795,0.19619629938951988,0.3924547242825298,0.3433293537572215,-0.06973820682578058,-0.14127716405484492,0.014656162239869985,-0.2789586401168016,-0.25393935100643894,0.2046929402183757,-0.7781323294495355,-0.0019234483457761797,-0.4487681852964114,-0.09305493683711497,-0.15788188642018675,-0.5025340579920634,0.47938929733703795,0.16504160834404402,-0.5885479061668946,-0.017703364221718587,-0.5038253253239455,-0.4297420855992202,-0.5411854434454524,-0.35937357751353183,-0.36145932330118136,-0.8526397236233993,-1.3633007684638008,-0.8013074624633019,-0.29799730893289933,-0.46889920686568054,-0.22816096276699227,-0.6070180420787761,-0.290308937263112,-1.070408486146773,-0.9020264480627596,-1.186474374432751,-0.3906104584545478,-0.633573863160592,-1.3223329820349266,-0.5816134426894042,-0.4595525930847666,-1.2076526382481205,-1.3595201266167276,-0.9191098565103486,-0.6449992927897714,-0.360474460899173,-1.3931675047497443
4.255347347130998,4.044043504487432,4.054925862991789,4.141873652075678,4.165030341215767,4.095984657020932,3.592705417283174,4.262549776414296,4.067655078245328,3.795189729113548,4.117638735247575,4.2539389410953925,4.198346471280895,3.945491355429274,4.330928286451128,4.130282043114195,4.169586924530494,4.287474938265421,1.8322368854429971,2.0507599932055607,2.932634273466004,1.4895731074735412,1.558874742996454,1.6228075896705478,1.2393150308187,2.4035817411726086,1.1812649567172375,0.8432948493428105,1.0906484341923575,1.317438614166659,1.1089477604200013,1.5693478774912837,0.38831568304450315,0.4066691751330005,1.2908766862944274,0.6935402459728133,0.7656303500067985,0.4499947894454772,0.08076057892123156,0.07701101380210051,0.6965861831725437,-0.05364554120698628,-0.31852700461226124,0.21638464752468511,0.16077748004647407,0.24813280573551477,0.5670793874573627,-0.21660704077593174,-0.10666911178335958,0.4102835491887422,-0.8208669123402874,-0.11991379675321934,-0.24535992102674875,-0.6848535248092054,-0.2839672846150716,-0.48359733246350256,-0.8151030010215132,-0.039824492021814706,-0.08976052315148131,-0.25228467696218004,-0.8294143136145937,-0.4294173814849733,-1.1091189150777936,-1.4564347559012312,-1.3956472762138734,-1.2255245175249572,-1.097313756081756,-0.35520650309802715,-1.2352504302348803,-1.701499466002951,-0.8662401860568014,-1.22810230223791,-1.2810404332300962,-1.1909426453340322,-1.3054741547420718,-1.6899427279765984,-0.4617905460736731,-1.057931006574421,-0.5127784329218441,-0.8365286415506734,-0.9005268625997163,-0.9278363079993541,-1.093917182865547,-1.1554375487432393,-2.061777749903068,-1.373540531210116,-2.086819062654307,-1.0231813295195078,-1.5941891182723031,-2.405093554089599,-1.0367889669153714,-2.2853228067590736,-2.031758524451112,-1.8579171195534832,-1.1804924174333964,-2.249736068462883,-2.38867615430145,-2.1973674758457387,-2.01256741358692,-2.26103624776412,-2.8233520996014585
3.1789074366299372,2.600931836185545,3.1253260954948763,2.921202697521079,3.150863427475066,2.8519357169573514,2.9462713783255623,2.86490796568021,3.115334535850155,2.9162582513126747,2.7327515323461764,3.0931057182816373,2.984706656366817,3.094777338093156,2.58090867104279,3.0701216563199436,2.7510979259961044,3.1050789814542172,2.6785280563680542,2.8794741098900607,2.7068920055106043,2.5701975162730957,2.8338946484819694,2.8963921376078074,2.7410555380720254,2.2437886902617494,2.6150901579879084,2.787619363243733,2.1451535005703235,2.0297354487928647,2.326207294132683,2.719159122288853,2.4532088848854956,1.794945411282943,1.6145103270141297,1.9371045967905642,2.3729200471221343,2.1362921208818735,1.6366094161682598,1.4586699370915133,2.3853993469003214,1.7180721016295886,1.4507556574990073,1.8624196942885245,1.3919365469396183,1.4128893045654047,1.1760094014215348,1.57206799582735,1.5257233304983737,1.850503018776223,1.4814582267390026,1.652389649093009,1.6271052154941161,1.625765941146244,1.1994364008819964,1.0919779804091547,0.367550446573496,1.196951928707601,0.7314551906626141,1.0750496336132942,0.9054113171290501,0.5909138163880945,0.3255267140800928,0.772311766856915,0.5284318738915683,0.9627227732663766,0.38318086133517504,0.5885507925727449,0.3913796582161968,-0.21073030580507446,0.1465738949610884,-0.026781538236030578,0.036929629748836845,0.09922614484462144,-0.08979959785462288,0.37295595682906146,0.3344199018809926,0.033323697158079923,-0.2866457876696913,0.056645747513199396,-0.43514267601064205,-0.05211143112438066,0.15559279094330236,-0.34727650358273277,-0.5027800512549847,-0.46191744300084014,-0.635853925768636,0.20608623097909717,0.22042221376288573,0.5180185978050034,0.1102060747356921,-0.051402334495354474,-0.07815470104744282,0.11759531506665954,0.44508235462241075,-0.10100776057833816,-0.4805251960143444,-0.7998860908011576,0.12525462246238028,-0.049657519568113706,0.20006711426972945
4.148101679208153,4.301179375979214,3.487027746462932,4.132540891540489,3.903455708996006,4.235375518654506,4.161144006452959,3.946739911067433,4.138195044667165,4.004255170295877,3.7009185454136615,4.0709839106822905,3.992938213394156,4.1242463369238305,4.159266360652084,4.109016167607826,4.0647331633880075,3.7662688881006616,2.0463723130419114,2.1611483359134125,1.521629658114616,1.701537607884811,1.4253564966449321,1.6304331223100696,1.2745087853367982,1.3097220400802962,1.534217038446779,0.8271881433530375,0.8134353992294585,0.5569570772142862,0.6303658541051789,1.0082821101626305,0.7251405477685955,1.0500840365102757,0.644576128402635,0.27938710731756444,1.0268249221517252,0.9505677133678425,-0.15299332741769955,1.0796932079356392,0.2891215543570844,0.14358258462624462,0.42373599032386533,0.23592058779030367,0.23461226064309582,-0.24824227430466017,0.022030425559362854,-0.4423858277485895,-0.3307670825536473,0.5653275318786353,-0.5578728426764501,-0.9553566620266336,-0.7239315872322818,-0.46587694491021026,-0.7346841283973307,-0.5042921031045591,-0.9043127042279302,0.09080077931414188,-0.8885882266710388,-1.121931824088806,-0.29568606080230353,-0.975232629299243,-1.330480582316869,-0.23482303992954012,-1.5137040882316501,-1.2933503168904492,-0.2380317690028697,-0.3403614802240691,-1.6539173018646354,-0.7331479711964013,-1.2297790909457538,-0.8859200948879655,-0.8412404634890063,-0.5434009889374494,-0.6918365707464647,-1.3262412786481477,-1.3531073904815418,-1.1805659127970403,-1.7963870113837253,-1.4598733291409216,-2.1008946629920997,-2.7117208639988872,-2.544762429998654,-0.8438864997860849,-1.4521809856251426,-2.29024120184741,-2.134581251614402,-1.188633029787221,-2.0752899800931024,-2.3543310971475355,-2.2717916692435747,-2.0722946361324635,-2.339712561225202,-2.2209270129568575,-1.5323658194854435,-1.5314002083659588,-2.5253298612536543,-2.8590500041520146,-1.7677460013240767,-1.5058202159596936,-2.0832221674386675
2.5714385070463717,2.625725700116969,2.6040512139823013,2.649790350830181,2.4257037631869176,2.704841658907008,2.5086570819486766,2.576682327181973,2.4270705067860536,2.541347555530729,2.4010025728240487,2.455711884934918,2.7329691918320007,2.6355658726969935,2.445129090690017,2.4305581498467266,2.6810880075231722,2.4970518080152946,0.5682130584173812,0.4935425302882095,1.3700681718094954,0.44694106109087883,0.7394697158944563,0.5005664497638289,0.3477153064964913,0.7284731407134419,0.57965599533913,-0.23740729935905058,-0.3085823008457975,0.026502266587630885,0.35757796300608025,-0.4380702308806592,-0.0515673877919669,-1.0089891925712893,-0.277888374657695,-0.5175790761002466,-0.881109972050309,-0.5906437923099643,-0.19968971489596488,-0.6323644565861377,-0.9125374118386498,-1.3354662099260528,-0.5685414806675029,-0.19217688631458252,-1.4680063269236818,-1.0433600221197956,-1.2438808086200694,-1.2403019369376498,-1.451731747873481,-1.6061402267527534,-1.0184024149613027,-0.7361841130404709,-1.6271794156879906,-1.8391854401439671,-1.1722040310693833,-1.8951243424607762,-1.3157773189050035,-1.903965590848463,-1.1427407811586718,-1.861343678343574,-2.0212953396223954,-1.7928489775198484,-2.2406116878664246,-2.075127847659461,-1.3313169236347742,-2.3262897039455135,-1.6580918506990177,-2.8107362008346994,-2.041787734727091,-2.5233654487961354,-2.7684705583606277,-1.8795415238866138,-2.481242055830381,-2.4862996501286636,-1.5828174110801898,-2.789625387253084,-2.5951316099940493,-1.7219138664926303,-2.7334700072612677,-1.5424856741784971,-1.7660442827524925,-3.040456765047793,-3.078449007371421,-2.7391302813244796,-2.3437281235294734,-1.837599807486253,-1.9072031817077608,-2.30535181507281,-2.1815009554878975,-2.882861086059366,-2.4124393684699967,-3.641625009491613,-3.1063572344561043,-2.5814141644892326,-3.127361345850302,-3.064568927508537,-3.2400359042659237,-3.316244601715331,-2.5258823358595333,-3.258979445763044,-3.4265965465996766
2.890362782496412,2.6508888370199486,2.793206667569107,2.8070608433056137,2.7122434677228213,2.6490223463934583,2.3325846290222607,2.8740026682258852,2.696533539948164,2.1834192422322634,2.848617639622815,2.654402881174052,2.607902732310219,2.8960189822047617,2.8433487401736377,2.643760746186553,2.693899834704836,2.8258773038269913,2.5633496906500213,2.318252288179041,1.9366765211421955,2.016961177225463,2.4060229782941382,1.918609264722324,1.716892532144315,2.077565231363005,2.1285975346693142,1.569461765284089,1.8197724352431717,1.3430934170298148,2.2112079927558765,0.982134277563679,1.394787962470759,1.7805788471752821,1.3393237143282288,1.2148705713237087,1.4088438766586515,1.5508627002025053,0.5087518530346715,0.5453523004977567,1.264689156095919,0.5191126391633043,0.907792392152257,0.5552777574782484,1.506688748084886,0.979104628485767,-0.044616179911675324,0.9996452210850553,0.9628352681829426,0.35881135832015776,1.0803261341117336,0.6454497683552995,0.23991500412297295,0.5496112066425756,0.690737451666422,0.8565906656628748,1.016357615702936,0.07259365125675465,0.7748471380081572,0.5714039626134433,0.059838251657989616,0.8013730451660956,0.28850521573771015,-0.2380616522763619,-0.0870901940474722,-0.003662317063059639,-0.21305473526101348,-0.62022523392959,-0.29494943098387516,0.2103874114828761,-0.8149980689680634,-0.527048125872013,0.08521186248787949,-0.2344753276412419,-0.6224838873287419,0.20371484165538334,-0.11684630262365214,0.15887484897893778,-0.22897582889762091,-0.6356393048291107,-0.26654649909212225,-0.5641985499648561,-1.0713729740238351,-0.7338551388806076,-0.49275544210438493,-0.5010884349246316,-0.489030647345432,-0.7758927518183123,-0.791488716707712,-1.124225036442068,-0.8458846243392806,-0.3080711901870812,-1.2907560186171034,-0.7045461245199363,-0.1693179094041568,-1.6775441782317602,-1.306851798701838,-0.9257436639387997,-0.7433445852166729,-1.3907791550576798,-0.9952386828765691
2.1663857938574447,2.037285085993199,2.067255585769235,2.1035675355619903,2.0697082080464133,2.114248833263744,2.016430458984088,1.9948157343034225,1.9682373346933657,2.1188553186612777,2.0677801862160035,2.195396296677779,2.2128254616448597,2.099466311340761,2.205854799210174,1.9115950723574358,2.162008310760691,2.1319825824850236,0.35681146543180553,-0.17357293455712242,0.17918258270351473,-0.500690463586694,-0.23552971130951317,0.14943207308547457,0.1108145945405754,-0.5974951628649876,0.10374472456594575,-0.7200474646823691,-0.7885479131936233,-0.13610332587963914,-1.1266488136030457,-0.3183159196156371,-0.844026769956348,-0.5040561495252893,-0.7810403966740935,-0.5743558774231712,-1.1326316784018564,-0.818690423611188,-0.9656333349031145,-0.8015916181703542,-0.909281046505936,-1.518420323378452,-1.6967991316464888,-1.6162772396305538,-1.4649225178971177,-1.2856977879157707,-1.4368948732682902,-1.590271466142993,-1.906899037966678,-2.066478402470967,-1.0437094154430557,-1.5701033122992092,-1.8102042274519112,-1.9015575135190668,-2.1128422096228183,-1.9227381433091608,-1.942198839306652,-2.3509548440934847,-2.190411326816415,-2.4243075512800916,-2.1368131087716185,-2.002042596932755,-2.559687755511196,-2.217736759381686,-1.5704932240137381,-2.132243097718029,-2.243756839020209,-2.7183602377229708,-2.6034556305015766,-2.6930255025261713,-2.612381812154161,-2.8631741213691173,-2.8766059056377955,-2.771476412768691,-2.995110494346118,-2.2174133403127474,-3.1403781546367524,-2.740534402322827,-2.7813893094954025,-3.1723336519718703,-2.079496229289031,-2.3946830873733074,-3.0329525661015215,-3.14671390514224,-2.2863018082591644,-2.3668888298733206,-2.5884417534358217,-2.703212437473356,-2.6199266295826193,-3.3521614809709526,-3.437497982727514,-3.5309035528253347,-3.3883090220509193,-3.2953113238953966,-3.726645259180222,-2.3715072933251564,-3.254579139939677,-2.9735819188725277,-3.444436880395908,-3.2184593409603814,-3.596862783933812
4.21697814786955,4.4347189779864244,4.526569464194463,4.538942397741847,4.427345188899257,4.378764426908031,4.4225730476237874,4.385880883547598,4.2607644202166775,4.431412880977516,4.38012720327075,4.476212098236687,4.377737642525347,4.4149388477756215,4.404523753462025,4.165516889962483,4.2867256794175965,4.256245663121471,2.296310713021348,1.8388646825918133,2.0381502515194194,1.1460408834988618,2.132218207320639,1.194971596669224,1.8506095735031627,1.8782928943206105,1.8789363725512072,0.7208086282446429,0.8478597088034343,0.6838802053245168,0.5988116341818701,1.655526458789085,1.102012795560035,0.2787492598530168,0.8222650270871847,0.4765199840948071,0.9886437982034204,0.6883789402212743,1.018795268619157,1.0994239830758863,-0.14383346130368668,-0.6388028350462767,0.029178152174978322,-0.18281566713551367,0.30799658879890757,0.8832075573603557,-0.24781921178930766,0.43607033032061615,-0.14654037077496795,-0.21324846217869364,-0.13374604465983975,0.1400742963366719,0.4070946626869203,-0.8639836288650029,-0.6625957716368855,-0.47541732588204777,-0.5195123906365771,-0.6235080536200055,0.02009443982052339,-0.47978282866492794,-1.0134426451624918,-0.7492197267501188,-0.8701563430351156,-0.21360176470372672,-0.5874183537606719,-1.1829799675038029,-0.6931643935678498,-0.3617572895122958,-1.5995693993987947,-1.1035180855131603,-1.696798626308654,-1.323535699110785,-1.0673436143668829,-0.7754010701622907,-1.3243444898842665,-1.4363469357176344,-1.7048112009977379,-1.640191438760482,-1.2574344471547736,-0.8941750612987125,-0.7408830349010938,-2.3786696376713365,-1.4039764843751232,-1.8987116552699455,-0.8451061468587513,-1.8495603394690425,-2.362615235492811,-1.2960777562257002,-2.787400599008995,-1.5938407935093766,-2.61603783914562,-1.8817848906792038,-2.8153741704665025,-2.8149265943566317,-2.125291239637235,-2.747774760243927,-2.879778527295446,-2.7392547114443078,-2.069773998152133,-2.323267622777509,-2.064310437132306
2.131099083915027,2.1899310690990736,2.049410592402719,2.0649309248442638,2.0446588067640956,2.2529069717385406,2.236033008617837,2.18319528788361,2.3421412269665876,1.8883741440791821,2.2055911405559954,2.2342332172838626,2.091935535463385,2.1410702803496324,2.216476066390732,2.110167209710653,2.2059679877841765,2.285506219178001,1.7029757826209728,1.870540263339838,1.3734198476022854,1.9743009295102523,1.8625143653087353,1.1857651632784476,1.7686279694049816,1.7139571994391893,0.6277443308311481,0.9489024450296206,0.6514380639073929,1.3486440774664512,1.3316809885427965,0.4614782761383145,0.9115674788845549,0.7430966236330194,0.15198021823386476,1.033353884788041,0.5759454351280704,0.6200114664851624,0.41707554610960873,0.04142651959722965,0.5278062644018355,0.04738898089018839,-0.4268010340463828,-0.08617512684047579,0.5259078589736577,-0.012600111508150214,0.3652815217586802,-0.2586664031904311,-0.694812611071586,0.06720744418371627,-0.6067355941522621,-0.6135985952944933,-0.5711151451280738,-0.22946295915162018,-0.567102409886826,-0.4652888080559334,-0.4845537930665129,-0.48791350471478356,-0.12603697143896753,-0.10631213918811433,-1.2112995238102524,-1.0988231194677471,-0.6175793576957771,-0.8259687148579093,-0.6286581943390734,-0.8081099644663157,-0.9020986779871798,-0.43105199236879876,-1.53833561754821,-0.726239897667619,-0.9879166935411812,-0.5604519409036,-1.3634081110695453,-0.5392225581678565,-1.2860686256848224,-1.5144551104503154,-0.966553391817575,-1.9633860692479468,-1.1730699870586934,-1.4613622148216905,-0.9642414040939782,-1.7871670666710626,-0.7300046333683357,-1.41675014363042,-1.0417298405076805,-1.391835929960643,-1.8014582722567418,-1.5563944747879868,-1.6168360461725229,-1.983235256330147,-2.36849155025726,-1.8506236946148,-0.9044512255662935,-1.4838958422569384,-1.9215722863738938,-1.8323083961988242,-1.6481804255177641,-1.8388107260282425,-1.7906760081480124,-1.612128064495825,-1.9419039437451087
2.3030875829805018,2.3153215863774923,2.3427343331428068,2.3500993102942838,2.339708254326278,2.178857074879242,2.1592038795288913,2.247846654030755,2.0272556343815618,1.991733476088359,2.317058894670174,2.21491793549842,2.269386849011763,2.1280411954146814,1.7147119696086932,2.094741956531596,2.2270835895318832,2.17117651561707,0.0006673751009147466,-0.1820338449165515,-0.5701904072102773,-0.12570952963588233,-0.35662173628272864,-1.2577285068577932,-0.7373787332641495,-1.1693520568538984,-1.5001075586985166,-1.0345587513208443,-1.8821355166826583,-1.1437758019598014,-1.803926509758118,-1.9001900088207657,-2.092545881354158,-1.161151322488239,-2.1786044943414957,-1.757596102923059,-1.2913708390709315,-1.7248924109127977,-1.9749963592664157,-2.228732638221877,-1.7634560823095962,-1.4277072057827533,-1.5963028419184715,-3.0235692748661673,-2.414221646677155,-1.7545635794330403,-2.615303078843051,-2.8072332674779776,-1.741009416875845,-2.656719699512392,-2.5421149430400396,-2.380036477913106,-2.3692048720975976,-2.32735078744396,-2.376272691068128,-3.0467255218917133,-2.9553713981254193,-2.3516949532282183,-3.1086964687183043,-3.067441327353582,-2.5557700284055427,-2.411599139592963,-2.6217611557179143,-3.0372173414271986,-3.214152170913896,-2.9888603523149335,-4.17156463216475,-3.90376425859962,-3.276625753686602,-3.51748240778487,-4.183608780581753,-3.165946163125665,-3.92577582180863,-3.2260505636313477,-3.343965793925454,-3.9937900427748114,-4.194732768514605,-3.7900869801296446,-4.38936169359487,-4.5976576869364045,-3.723704100960256,-4.719680958990949,-3.767564235233683,-4.184807226634922,-4.9136304306384835,-3.526477445832133,-4.267287311378657,-3.5227964509446243,-3.6546342252375545,-4.4691114440086706,-3.888156769871638,-4.782004985911321,-3.6185375611318653,-4.099583692594034,-4.05835420725076,-4.66746066632516,-4.936866056663378,-4.590680745632707,-4.9357224503141754,-4.992287572744081,-4.399319133546166
2.916064933205387,2.8865218659867837,2.8219499474396175,2.9273005233141207,2.8696422802191996,2.8885678967392936,2.977809628727047,2.5301304505122246,2.8695290705148775,2.922836276013756,3.0033479169599344,2.9258676070744833,2.970665031239059,2.9006025875640535,2.9245554027502134,2.8827706534530773,2.7278805634902215,2.7749280485986523,0.6764527438422991,1.2183835652798827,1.063734405537466,0.744848936503355,0.6429156383352641,1.008716414839986,0.8594568635177007,0.5910231062774942,-0.3227619916641089,-0.056149418520031524,0.28717346357015394,0.18100599258697958,0.20256284640245514,0.015631939874328538,-0.24743412080892302,-0.7237812255994545,0.1479503117087111,0.4292365433451488,-0.5526198613888642,-0.8088308613528064,-0.5120613557065115,-0.9048861480348771,-1.052553010392245,-0.990094708823035,-1.2938222015516274,-0.21394805951516283,-1.406292875090764,-1.382242302170404,-0.5420938636196135,-1.0089684877248413,-0.6225289577275541,-0.9390320015135769,-0.7671033283993482,-1.7239029788980522,-1.0766095412374703,-0.6227720653836393,-0.7752876435550418,-2.051267219948203,-1.5039957040471208,-1.201520169751606,-2.081276886198326,-1.9166803204074085,-2.168408502743463,-2.114841846249063,-1.4844413689175004,-1.619914328892441,-1.794942939865475,-2.3779758395576094,-1.4020543362316529,-1.8613567849658113,-1.314316267291054,-2.3230255059830194,-2.007488548537613,-2.062432017935067,-1.6184874517834507,-2.5135489574466323,-2.306756770761048,-2.04565745505253,-2.7203586572677736,-2.051331780878664,-1.5399236432040642,-3.046631674237637,-2.3756542109118177,-2.3841805624143664,-2.826942859598625,-2.7583138562110348,-1.791873989295178,-2.0523649323198354,-1.879437666426436,-2.199117622282638,-1.697162907360461,-2.4905148649348092,-3.1755872405725087,-1.9295125462038287,-2.436458206875491,-2.3783696716863707,-3.2987261374021175,-2.057749499267117,-3.3734788499767485,-3.593615025809634,-2.6677599790263136,-2.5349668141475954,-3.1290564518378607
2.1021340124014145,2.2639674682322077,2.3375126926267864,1.9216680906938688,2.37796489412571,2.4143370082123177,2.2385095084338946,2.4856405446808907,2.470411619930058,2.3835935811352407,2.207673303685544,2.2909504584062823,2.3698057119568556,2.3026063100855785,2.2406138544354137,2.36159607689079,2.5069562579961113,2.3535734793963883,2.054878386054802,2.136364178339843,2.092396871796046,2.260206899718633,1.9142416601644276,2.196003712436421,2.227815067885543,2.004110336078101,1.941194651609023,2.183840929516526,2.2957552026638597,2.1164506384345803,1.9776610253227833,2.0789968020332603,2.0855474737564013,2.0674039895704555,2.0535940245525524,1.9359866846357638,1.8411899541385806,1.9175003397806307,1.5339276216049607,0.9898850156152923,1.9231304550384056,1.5365502679711263,1.0804881550657761,1.3459997631325562,1.974398649727819,1.1575596170645674,1.1579164524513725,1.7187357806507872,1.2785334937679433,2.012733503342221,0.9526261953345561,0.8243455311756298,1.6138785068198809,1.1897631978435834,0.9105464439627706,1.2629881809319308,1.0020754093965571,0.7440191800040861,0.7600939338803467,1.5347718884673673,0.29439033275023085,1.2235951960434974,0.7852559842286464,0.47977132154895763,0.16978183477061393,0.4804257703570336,0.6868999984172897,0.10376455435047394,0.9174297294208209,0.10643537054194319,1.1274860384348404,0.44500615345242167,0.7049031397399048,0.8164973508698568,0.2893663247316809,0.7086966544372997,0.5904368076615691,1.066783138587664,0.445805619458711,0.8148283839832482,0.03706165544222362,0.46243452520706896,-0.43478017570033867,-0.021955874084604865,-0.35175153530576875,-0.25251535406502956,0.345168202154543,0.014525168013191703,-0.012506946762631976,-0.30400557441704024,0.24963510528983512,0.4420461495736552,-0.4982180944196237,0.4781620575974932,-0.005336311432788676,0.03721773143954099,-0.10685662220559333,-0.31378889812773725,-0.4386831185468507,-0.18725727247910662,-0.6327371336289387
2.3542333695514603,2.1658745148937477,2.175480648988172,2.3019751825404917,1.9366578019363256,2.1381773183194337,2.236826994655086,2.195548797918468,2.1765759998678575,1.977924314872988,2.18728820323318,2.1676376662640173,2.1231270080213065,2.142005398686875,1.7748934356779067,2.2652960540482567,2.1185724368421983,1.646067468428443,1.0347620931626835,0.8861910953285292,1.0921517674430845,0.7363210045680351,1.2824030814774545,0.40604687209484425,0.366858256314206,0.4494722328099847,0.5680929942395316,0.21839013359145554,0.6602234323706853,-0.1970067378736733,0.9165917946246172,-0.15328123146397488,0.7434742752915593,-0.4788325337474424,-0.29299793055324663,-0.6049295376069121,-0.539898030626051,0.4183266045552809,-0.03334099476414565,-0.7562190746030302,-0.45170108998511704,-0.35806987107863364,-0.9001834672734041,-0.8409585819702707,-1.0147291262390992,-0.585842303646273,-1.641205772778961,-0.6255552065702767,-1.2068061340896694,-0.7820315408704541,-1.4006254442235626,-1.370823730280593,-1.502419078073185,-0.7038033230547107,-1.5147427132720237,-1.754683272713332,-1.535342777585421,-1.4303490152666178,-0.7150180254412497,-1.386924390298101,-0.9333751978081892,-1.482120284486304,-0.9243389932907329,-1.4090134679930069,-1.3257177061885779,-1.3612396203139587,-1.4363842860405995,-1.628809104880677,-1.103771212828475,-1.5554495403156992,-2.0031152688438167,-1.6820561598244472,-2.000747448567626,-1.2406765292233564,-2.164920137100652,-2.116485041538125,-2.515970781380746,-1.5488536359235408,-2.4499751752103114,-1.45882165376712,-1.21382799791487,-2.2959464765950157,-2.1880266440815825,-1.97875365755276,-2.210076297297954,-2.3080218457369694,-3.005668991255808,-2.6374931563803203,-1.7050302192740832,-1.8531869298323853,-2.124360032599948,-2.9720634744966192,-2.474835772694349,-2.5936994161062,-2.9428096218117137,-1.8944576956381223,-2.0242916523217254,-3.1835718482818374,-2.1001188953508505,-1.8251425726934905,-2.356466331970961
2.810739807250937,2.6023925698882646,2.798479811618402,2.7999285676236116,2.7451316801467085,2.7215797520383385,2.7775135216358926,2.9117161637726543,2.7942036436250257,2.9560509694243793,2.818377306278512,2.8991877334660856,2.8357693309818544,2.7261120106149166,2.694460731469345,2.7606908422032648,2.974512491426762,2.9100976478578557,2.153534957159919,1.6277340567033525,2.0926653284878673,1.5357957052037277,1.900041991591496,1.0579762596769768,1.609196219626769,1.7949051303079306,1.279762186647683,0.5585167782654725,1.6594588623016895,0.8946628119959703,1.0711791257309526,1.6246478483135984,1.0102609066843637,0.9498378854130829,1.006058378580307,0.8094438613018786,0.6251623546717946,1.0952895972912522,0.8725642737727872,0.6916796207087268,0.4147540752809391,0.5762911636549157,0.8461360637091806,-0.2173566044302957,-0.09110133380507168,0.7484099351370679,-0.4539368040825966,-0.7402622568091504,0.48360186770101166,-0.46347130657504465,-0.4915985894139787,0.09094399390668872,-0.3785156874887248,0.17125709110328913,-0.1340805421948268,-0.6208982770690499,-0.6496677107266882,-0.7425694094548403,-0.4681321434854544,-0.3840630058220862,-0.050011768793514655,-1.307623140466566,-0.10486092960054805,-1.4413111123648807,-0.7635873469244068,-0.5419582069669975,-0.45473994022585806,-0.385725838292311,-1.0732270828310666,-1.1350659973529718,-1.1565857441210063,-0.49134400436636216,-0.899105774137948,-0.6876630200044298,-0.8213984910622587,-1.3960499075669164,-1.5299098803264775,-1.238612860793265,-1.5295588959075426,-1.0170173112855387,-0.8902998365913106,-1.6015770236441416,-1.4239343118356924,-1.8751287959538496,-1.3258915818677366,-1.827513868154604,-1.5177834050958232,-1.3321639330311417,-1.2621831215330053,-1.0443611129313934,-1.1072980951991331,-1.5587348745316154,-1.4766167888092419,-1.0175375468276204,-1.1619024810596237,-1.851855618194965,-2.177141582725591,-2.2952076732968534,-1.7508654885217556,-0.9671969620937979,-1.1573326533353123
3.8717042653735048,3.707363576310698,3.8013968610805886,3.6812604917556406,3.827112564814005,3.773801478781367,3.9663575953251833,3.5938881397970626,3.8106772218215967,3.853666887566332,3.831118580333775,3.6964602082451883,3.644096178575551,3.838854861016321,3.305581296206837,3.6744190228209934,3.8421011997243752,3.9794780130265295,2.1631890159279505,1.4887482819346562,1.697740396089884,1.521774271843201,1.3133693595685623,0.8471859150934513,1.1716252098946986,1.2258555560304307,1.237985265037329,0.6683314356301047,1.622737165237985,1.265062739675705,1.053985629440259,0.7564289005213878,0.5097241149892424,0.5623476585714311,0.9877955264583269,0.12726157063832488,0.045797176776237514,0.1539242165369128,0.5993902052212121,0.597053250186744,0.5326950014389018,-0.10964023026292402,0.2810965241805894,-0.7960607445427748,0.26211889417703294,-0.7464698438807593,-0.7246019055850894,-0.19169663125231295,-0.855961422232709,0.10749800234090312,-0.7148717984142587,-0.38471063681760764,-0.3582474570581722,-0.4520423446754549,-1.1126810451057487,-0.9854227787595766,-0.26526218852637395,-0.12704547850677894,-0.501746047783743,-0.5623680930450847,-1.4124998628875023,-0.402470420711289,-0.5417943850514364,-0.9189737265388382,-1.1174833866197877,-1.5846944851353832,-1.191777950792149,-1.366035547082987,-0.8079178914594056,-0.749386205010282,-1.7980675022588875,-1.0767965882943678,-0.9885402731404742,-1.9451993742110285,-1.575173946485827,-1.7396285840194432,-2.316094389500763,-1.8436598474088766,-1.768030319865768,-1.84534407273138,-1.6367850936233115,-1.8558194697558896,-1.761931528917743,-1.2499518947651636,-1.9586415406220632,-1.8824440191213236,-2.140511398239018,-1.1637297139391514,-0.9154408079829786,-2.335631550331516,-2.0391508798736444,-1.2071596810650034,-1.3557920775411532,-2.173575948177614,-1.1706835218431904,-2.5091159572417907,-1.8261092651204125,-2.531830045397981,-2.265640262695866,-2.5099847059164895,-2.836936916232083
3.450217982134898,3.4886871807773083,3.5674095951042846,3.6964202752015556,3.541928633358169,3.568107299454028,3.4827971370822235,3.544732303424018,3.3494833119536507,3.604510102014838,3.583908063033281,3.2022486182158625,3.4029439957978447,3.449012483740508,3.5286356608972724,3.394272185336333,3.629280563234304,3.656305650922997,3.4264292726398686,3.427368022859376,3.4786192795384068,3.484972007112745,2.9058218902253197,3.372589559469791,3.3289066048990366,3.0927387918233142,3.3302830068638762,3.1337363750405007,3.057209259649749,2.796311725015082,3.2682478663531223,2.83899704050803,3.275086978925888,2.5231353172513487,3.1248530572747963,2.5402035513318895,2.4731867251916118,2.833847454581684,3.165227479816598,2.2806847357473865,2.176511880990928,1.6188280729704765,2.1158542605460813,2.496060622419588,1.8552622295684005,1.8096201977045645,2.671432827814315,2.0476013021471013,2.105748462965268,1.836295937578842,1.6918969424435586,1.6379183721518285,1.7114577142750829,1.8066494876466708,2.484001815830317,2.0706072786052143,1.7758101631095604,1.5694253800951259,1.9956761473113858,2.134171767329172,1.6809169204365064,1.8996302443400914,1.7514146606904335,1.1609923592853653,1.1230751519414062,1.4928559105231587,1.6691209378290068,1.478370782534741,1.4161099303021283,1.0644450380951236,1.1444091293549983,1.3894443365808007,1.6313612304294596,1.0386981480558832,1.5402310401384947,1.4781742675003997,0.23611289803226398,0.40591383136586234,1.1193035146151056,0.835642722826778,1.4447899829936084,1.164517871528398,1.3176118114544675,0.8040099183464813,0.4808556287799206,1.3093188512835008,1.3452311717298597,0.9090944437175343,0.7115169186761214,0.6417011110073787,0.8298632687759362,0.4312045366149153,1.0400895920304656,0.5051209682877547,0.5736865060383138,1.0615357349030052,0.8131879742987111,0.5373056822909632,1.0218233451351848,0.7432617420751351,0.8430390209071668
3.1422767013785196,3.3613538564792025,3.3029542058087014,3.62919384653462,3.496904075833199,3.4118153854972073,3.486935200490483,3.4381016930904424,3.3212112823802737,3.3689141978040116,3.550262708744892,3.515212800174093,3.477386009961008,3.4966182880202883,3.4937226818710165,3.519200664566272,3.4093325509490233,3.5445305906379287,0.8704965430881897,0.4267384642031491,1.2110930057872524,0.5802556741333911,0.3956909372697188,0.3252476934345401,0.24308043918738065,0.07990044282631192,-0.015021330206759664,-0.22386955524917962,0.9239252863606771,-0.5314577458021104,0.3188598687642106,-0.012783931232475787,-0.389661701565843,-0.8971332367058107,-0.7680851838684966,-0.7524689686534218,0.1354396752459852,-0.6079487167784192,-0.24973844008552604,-1.0868794368425903,-1.0835654667866006,-0.45447400075055366,-1.3799235709540065,-1.3835992591929687,-0.7841675154285683,-1.391384769057371,-1.564101171569865,-1.649539458403667,-1.2614871586332779,-0.5216776902019156,-1.1195340007532941,-1.4513719520256565,-0.7852794752926924,-1.0037314136712965,-1.4192978023453344,-1.0659354267333585,-2.0629052175874643,-2.049920805911743,-1.5585182779825875,-1.8625726486033587,-1.3567971528004668,-2.2328461288675454,-2.0916027388594465,-1.411979049188906,-1.0316169740360221,-1.3957864230212396,-2.2868261819673847,-1.5892313704963614,-2.0233880163585605,-2.4422460977433076,-1.5694233897435383,-1.6926941810944038,-2.194920021571197,-2.359749084722899,-1.8891787284398331,-1.9407416559984902,-2.047041490501787,-3.0177246271302898,-2.0768321993679564,-2.0749635528430908,-2.812227954155645,-2.93665264005686,-2.7556837307427022,-2.594701435762669,-2.9191373204403614,-2.7498845469289743,-2.4807080666166046,-2.6301157599646166,-2.050692893695378,-2.9680931474025067,-2.698014723416521,-3.477265191679324,-3.539669202247784,-2.3906402067738393,-3.571275143762269,-2.3040924251261297,-2.381715237645313,-3.6363870541762977,-3.4057227782672927,-3.1802525928137984,-3.304048347824158
4.4102445672044315,4.613322489261577,4.826202671264148,4.659452452368841,4.516201065331376,4.627089762056427,4.617321295296734,4.70144240032907,4.659701782080443,4.33571536556979,4.760540077979523,4.549479562683787,4.733154983542329,4.463886958984569,4.844969293568691,4.784845105960892,4.52162432419798,4.638195044625062,3.9727645419358915,3.34385370929082,3.1762983669035307,3.791722618338876,3.7553546596164065,3.1662939336106515,2.936136300724341,2.4636223372171413,2.8659193465645627,2.9322085955797395,3.041334933009857,2.8432784797587676,2.2660525070644733,3.0168245184065965,2.357758850462199,2.264853935681736,2.4277538859221988,2.285678305966,1.833064780027243,1.9957327759476753,1.5772337941457142,1.9895285862719794,1.4135270887825797,2.167005977718607,2.1153959046620976,1.652274016469243,1.1964514716323418,1.9732442493118176,1.7686628067319408,2.0225782840473805,2.0043442554036606,1.0331207616914435,1.586072844785761,1.1512169814774564,1.2897383244004201,0.9414552258204587,0.9416068809498919,1.7641731590535503,0.5342185880579029,1.0246570541213371,1.1488584816282152,0.8107630416612794,1.0456944140817752,0.5012505032977179,0.3706329977280127,0.5819918212781099,1.4956686778044306,0.5988203777434906,0.3672964049881635,0.3412011715077119,1.2671116759997334,0.39786070837265797,0.9238599900583466,0.40720168275557356,1.1515418399918298,-0.2519579893111894,0.5950910712376087,-0.25398756907096764,-0.37672768950639846,-0.2284091939868631,-0.21587368820466413,0.20473648762869168,0.05242565989340786,-0.4717559811697649,0.7120957368887737,0.393401751605289,0.32148782420107747,-0.06561415145564187,-0.39510228113581203,-0.08417058875355643,-0.6094218430971265,-0.9249424603714669,0.2537925105210803,-0.40230419664835093,-0.2425188484142078,-0.17020873763995503,0.5545436000533348,-0.9973857425361574,-0.46337474112011634,-0.1608572505182737,-0.029824633595875838,-0.6201289221615642,-0.34964137297533693
0.48830405526739895,0.037770408553184254,0.1740210822037973,0.3672261212533421,0.23177113380451075,0.40428041340480725,0.27409060362725235,0.30277637240490307,0.4052518663901825,0.29032215164072994,0.35942657197286465,0.36334833594744076,0.12592860432126507,0.35224859700431743,0.46914699172089946,0.4910188312650732,0.42742831224563815,0.12030355315970631,-0.10450844833422401,-0.10167599321236231,0.034703136388452904,-0.16312074787771813,-0.3286877468809539,0.021641430260972427,-0.5664530262898584,-1.3225074931881808,-0.1309182282794925,-0.4002337338890811,-0.7282609212596345,-0.9016467936406256,-0.8946536501700004,-0.5044747901078379,-1.163092327085562,-0.7090351693121919,-0.7893233904641432,-0.7458384511661178,-1.258456355755552,-1.2174938614716933,-0.632417091988926,-1.4291364550738193,-1.4326553171118546,-0.8197310308725836,-1.222927825614688,-1.5168264102242297,-0.9619609692090325,-1.2775219369489,-1.479138237801732,-1.9952850339934862,-1.6526488689009282,-2.0051911913841662,-1.5801168576953764,-1.784080315478068,-1.712098630267369,-2.0191727972255675,-2.1131991154466547,-1.9582567008365395,-2.1307259926653908,-2.179852560824366,-2.0102171393926316,-2.098408833045191,-1.582768590126852,-1.5219374831011798,-1.6946387022983966,-2.5903620343302345,-1.6337177756407977,-2.2637139286808248,-2.2933544640604033,-2.105011862011458,-1.9704957847565803,-2.020235228690405,-1.853915495906726,-2.1436476066761774,-2.1317038045718366,-2.865241482755164,-2.628989073392537,-2.3810170775841604,-2.89827572755826,-2.2407073630888332,-2.984885118348494,-2.5307231636994496,-3.0380600873535393,-3.1531483117092964,-2.835460676050862,-3.273513420603665,-3.0809327280368786,-2.4220420631396626,-2.831742588856777,-2.3680752662473896,-2.9544650496021285,-3.2341551878458334,-2.388495719743136,-3.0711821176256437,-2.7825029229230385,-3.6410356415247485,-2.6457420745083997,-2.8796659861948815,-3.26827475694651,-3.569935832110339,-3.3004689036351396,-2.5860872712065097,-2.9982002958873606
3.0904420117325246,2.936553116501398,3.026293685833771,3.0336503536546484,2.9811142853218557,2.7975720727517377,3.275166668803033,3.0500353884043108,3.0615955835722604,2.89484429584956,3.010487372424902,2.931194679210021,3.043825225156181,3.1463386103939,3.135036307753664,3.050799320431567,2.9547072406874335,3.166506827858135,3.009082603308026,2.8951670615556644,2.8222429736210275,2.4380881074088583,2.838478948194684,2.8158757613827268,2.6603173782218867,2.77123651044408,2.6391842545863424,2.6446693609101057,2.80907212009076,2.757884064128234,2.6422542382543,2.736363777820425,2.582501309414524,2.4103921995174957,2.393235444465912,2.356721751222949,2.2722022638926207,2.561408965979984,2.3490049334854275,2.2435783879601825,2.366686465650039,1.8382480629052882,2.1709435169090305,2.135900236137246,2.669549952677926,1.5114373322897023,2.2053216953885855,1.724119461392199,2.5403447264623633,1.817245483155884,2.3540544107757126,2.010360384749591,1.5672382636386768,1.608939803110343,1.61016142239985,1.3455405757572416,1.807425774191925,1.8114252485369384,1.332130291609066,1.6414722874703065,1.0542518682656468,1.9648678660872276,1.396308223136196,1.5204912584449257,0.8991788638400493,1.8380668447076882,0.9142854761854666,1.2417335951708948,0.9999115129860199,0.7581808933315042,0.7245588396659581,1.1294341904135123,0.36737020076846605,0.834835988607729,0.6298852987622192,1.5185905786219989,1.194900381306895,1.1626975079542978,0.46674133914271376,1.228287860078697,0.38047887701420446,0.8521418136290491,0.3814434116037777,0.5323442834187251,1.3562885866076044,0.5369606498112507,0.22041778851896954,0.6491786581824357,0.7108387069787057,0.5058362474523737,0.3236193338365032,0.457420949981155,0.6039455245337972,0.4439887579567907,1.1519310977427981,0.7931883885693454,0.5005436656229101,-0.10745065767124817,0.2582076288888482,0.859732684261866,-0.05744375267031554
1.6205341190469431,1.531384349005405,1.6687469979827254,1.8241549363732847,1.8605839125938832,1.6142199073260262,1.7686940659835102,1.747357524666814,1.7437666635231484,1.7036277161150526,1.7712632593997126,1.798979617772762,1.8094862833171081,1.3604044635312196,1.6201778246212175,1.7932492920394587,1.6245019758077959,1.7937726014842719,1.4739566761943328,1.4492634072655823,0.9822125598865927,1.113930229102393,1.3925805344092446,1.1589493644583797,0.6053151235367942,1.0591410406914799,0.7530134195733718,0.21829160563968486,0.9049186041283326,0.07269883298873836,0.219629093215155,0.6156319697715666,0.9477412187269891,-0.27806672750241734,0.38441434257558615,0.0025187154044550297,0.3565180411481741,0.25908724380416626,-0.12752302940090132,-0.3112367245463332,0.16168785849700917,-0.4836053383699106,-0.5815611788713122,-0.7793172051106287,-0.7500134441261226,-0.34101204532368,-0.7352436787646273,-0.5772327979176346,-0.5571962502987846,-0.6194848182086288,-0.13998579256131904,-0.45652691514264454,-0.5770002665649132,-1.3308488887376475,-1.0274310268027866,-0.5966204590795412,-1.5427167076935895,-0.4928989461989115,-1.2749932559644783,-1.3814195033857288,-0.7016989683246164,-0.6904741278253557,-1.3744556288171212,-1.0311652779912475,-0.526049736002812,-1.585880262596981,-0.8475815398009798,-1.6958853880327425,-0.9296978077270746,-1.8361567401362713,-0.990200234092212,-0.7063720583964352,-0.7099168758421177,-0.9774595380890778,-1.9119265906165328,-2.0228419558449833,-1.7393111175500895,-0.8923238517577463,-1.842717237260854,-1.2657172741924807,-1.7071255614389909,-1.682457909309342,-1.0001144219496139,-2.03238931649023,-2.412588515838464,-1.5774523118069643,-1.4861437611321708,-1.9276060517088238,-2.076528447293258,-1.3845752644304552,-2.179205773598772,-2.4791271435072693,-1.720113026179889,-1.9745504663944455,-1.7715113750903102,-1.971982946385756,-2.0904137211325153,-2.359936063720337,-2.7400629586225147,-1.9838317899727356,-1.592288603453956
2.1012477785847494,2.0510730340038634,2.1285761026423176,1.9723891075092261,1.8792017673571664,2.1146575139108474,1.7403785241128062,2.161979594020588,2.194666634001724,2.2226873089077053,2.041261059023924,2.1141307369201066,1.9641876536172198,2.0142654734971597,2.0096990384757687,2.154095188649653,2.1591457938224714,2.2459524080112194,2.1909377003951116,1.9976368270647251,1.8319555538041064,1.8734350933000794,2.1455474169774513,1.8902980355559915,1.887998362751886,2.015674015392814,1.9800071135661534,1.9471451261407875,1.928466400419989,2.126663955112325,2.1162632657266727,1.978143444379712,1.9701675868260526,2.0069190841562685,2.013162648970341,1.8501401686976697,1.54063031154711,1.970055314907146,2.05466401265564,1.9503430987366066,1.4744894342157284,1.9292681954550392,1.6966020997223445,1.8452463880637735,1.993392021972194,2.192250780385833,1.9810321225778411,1.5812261083982326,2.0893078117401984,1.9204357521759734,1.8191600276828108,1.9551551542573318,2.088345274233995,1.972952508888806,1.6782909641455808,2.025561048051424,1.8221716829095538,1.9320974252513565,1.9960503002786725,1.8125040845439955,1.8930892245082545,1.8065238144465363,2.0584116702585895,1.9361265059161292,1.8211168438453216,2.1176832723631973,1.7151535555990565,2.0187784794425463,1.6011924790102796,1.8702060852782534,1.9494421701919533,2.0387027118024594,2.0409722535303745,1.976645128865501,1.5931249649219765,1.9450112700542945,1.8328856053746394,1.8806417220757652,1.5851194677770595,2.000676030428507,1.5862277170020924,1.7611694306571435,1.3953491105583558,1.92925986013283,1.7460379944477245,1.8293450898015386,1.9577967901351387,2.040640635495248,1.6765988447751612,1.8646745060473426,1.4586362224937783,1.7909399002344193,1.9214495009897146,1.5864149768142797,1.3602520185793914,1.9709635453243148,2.0592883332168785,1.838530592548639,1.9471202393410714,1.6013317417995827,1.5684311813478242
2.7532502090992415,2.513693855681316,2.5299864740106948,2.6396910797111497,2.3848543931961252,2.4143610832277513,2.747649719262535,2.622457770717901,2.7419077823765923,2.8146120485604857,2.811674444549073,2.6111382563524073,2.699239016500494,2.6200547127451896,2.7994209328211985,2.5263223293980612,2.6522729605079647,2.6928882484187158,2.6765748078083886,2.405245375118165,2.3770934799463275,2.57226994958563,2.3485209264561258,2.426289838256766,2.537045036652451,2.5227526371053415,1.8241187432968253,2.4227557569973186,2.4869473521020753,2.444189255800975,2.217603579021792,2.3976141851249517,1.9613712036274862,1.9226725070636128,2.2411532173226743,2.0873442921479555,1.8041395344657092,1.9992821763003903,2.4542274526880163,1.9028129789306858,2.4342315313190435,1.809558965283541,1.7509495569468916,1.8305125445160018,1.4137882451044685,2.3308915817703815,1.1339243770710201,1.1954222423615901,1.1476096420889341,1.406224736487415,1.9692368234812188,1.4982279516889658,0.7584806178086181,0.8067796108494552,1.4655007253370327,0.8839192366131083,0.6797601147160979,1.6226435318212147,0.5924308089993797,0.6738151757461575,0.48032307783815575,0.8922898614437997,1.4359620336607968,0.6427119292111003,1.322761662057606,1.0054410269238154,0.957665459702504,1.2157231941856903,0.241002860551621,1.1297938523822921,0.7389848750858397,0.22023415559067416,1.0813613509926245,0.7332121599024246,0.2516812665032919,-0.16169784061614667,-0.21243645304217118,-0.014456583741888629,0.08869904048269817,0.34825054952906864,-0.06165178697713003,-0.14024712464775924,-0.0631099777875459,-0.38318187206209053,0.0027918047437252014,0.6050686172220061,0.24195298188289627,-0.46534278494738324,-0.2451633807314355,0.0695515117237262,-0.1008781443762441,-0.1690708032289585,-0.6098157260279793,-0.5315364130488254,-0.4245770732739782,0.1906559670059842,0.5352298830001594,0.3509614050327752,-0.38160820945430807,0.3329524909737911,-0.3410234123768898
3.0094003898321233,2.849611655260728,2.4328970880641165,2.821095632846321,2.6955526329846933,2.986120732937608,3.0914769617072935,2.801979108265021,2.947494614226219,2.877585562130884,2.9661385593267715,2.7949813082503185,2.922420134185365,2.8889265749270496,2.918011568692754,2.7560561301609665,2.837360953911981,2.732345516729205,1.9056014199913696,1.9215914871470705,1.3963629443437569,1.3912206534327405,1.4709009436557992,1.5781588316272268,1.3533960890849022,1.5071071752206473,0.7757481200672887,0.8629366420097453,1.2447814537534487,1.0240296215597775,1.4020386449699407,0.6649262282441848,1.4258022848489809,0.8110994098710931,0.5385553910798393,0.5529995470103231,-0.1470217933487863,0.19331246028235505,0.881423176669073,0.23582981040627438,0.4790465975400382,0.14768148742688592,0.505557395449908,-0.07147525519745912,-0.2748698887825549,-0.5078254288759396,-0.09761964374988086,-0.29991566338783837,-0.4736545816643263,-0.1388324210109273,-0.32147538511677176,-0.16861027161740783,0.21190768887694222,-0.34825646420487466,0.009837001243259813,-0.9476832031505884,-1.3006462336885,-1.0342495367197246,-1.183069044956044,-1.2769727294586533,-0.5721005612741417,-0.6056139762074251,-0.8427293195850574,-1.3677875137774684,-1.037040924839781,-1.3388222482395404,-1.2913214427225501,-1.1923351209536674,-1.098285611226042,-0.999846000663756,-1.0742960865446225,-1.6477351228036552,-0.40081383179757246,-1.0237572024365074,-1.4503471460856012,-1.233037041168184,-1.46732601755519,-1.292801135888742,-1.6265559658773334,-1.4918188215170005,-1.5973393336729442,-1.599860771673847,-1.3852373629822532,-1.6063938654842396,-1.4060774787580987,-1.804344430101131,-0.9779070727794581,-2.3256231612327243,-2.1551528293118043,-1.6309227252484497,-0.7739211212538555,-1.6752486482673765,-2.030426368532299,-1.7962694631491125,-1.0907889382698137,-2.102332985980568,-1.5368496328068968,-2.5239432790725784,-2.373041485759673,-1.4037257094691062,-1.3736524910692358
3.6288813996331415,3.7461004504279236,3.754340595055538,3.7430621310115724,3.83114754557033,3.5494106628441084,3.6759487924651575,3.831827402866457,3.837843455181292,3.7415062881540013,3.5674023047239114,3.7210096768549885,3.727383177956562,3.607959934683109,3.489328411382327,3.7062327579082925,3.579599093663492,3.6308642265847118,3.6023762099451933,3.5286721174393385,3.644516264431151,3.441845342560982,3.0421136514604363,3.4218840329964024,3.4682001342387823,3.126319995932337,3.3616746338638865,3.4661705779640544,3.1080647461491298,3.4134793210291843,3.217326706234223,3.134874457520019,3.2338099997740075,2.9254956547972952,3.3117934439157715,2.8299030821905617,3.1691736769076257,3.3351228833317554,2.821914121898504,3.227844834873718,2.921854170493636,2.948031560619963,3.0048114392149534,3.1144983634803545,3.0531855477843015,2.6938439832503667,2.4081119695524826,2.2750426776608546,3.266919490882729,2.6203311488551986,2.109389506322027,1.864352094187761,2.271040531112307,2.41291637435273,2.6590934479392434,2.746962952207083,2.151448839041107,1.7808652986355833,2.669748164245414,2.301751700649202,2.6240732229416146,2.331537827750891,1.7586267939368394,2.4312674986443827,2.35297341813879,2.1562172078657866,2.418245049937198,2.469455556717678,1.5575850845757468,1.4061658711474676,2.1042681738197517,1.7224206335185102,1.2376807844888544,2.051432157522708,1.4884947173899397,2.175867789532501,2.0191312759058446,1.5525522874445041,1.3382607808653475,2.21861050057419,1.3181112033409539,1.9590851016572257,0.8333669644126598,1.96930929226908,0.9476124049682682,0.6477563763414231,1.7958461924013172,1.8821151687988005,0.7435834187706547,1.5681791509623917,0.8032358563609092,0.9410032730776701,1.815996115809134,0.761093978060507,1.5101138810394117,0.7067806635141203,0.702622091169979,1.6186088086328665,1.6862832585708531,0.5843599705800964,0.7376845433704808
2.3777862123565523,2.2811950019035274,2.4227168328688773,2.500882918503872,2.3870642112851606,2.326689179960802,2.4529632337271146,2.4789662679941316,2.442449105670552,2.173651499184327,2.2205152135117334,2.234722507451881,2.398023448658795,2.1674662243217933,2.333447748050844,2.5318811898745857,2.2921154745421823,2.3665036718247885,2.35594472731355,2.316151725173281,2.352231759712339,2.4066539135074008,2.177917052197671,2.2688097888615255,2.3052888053585363,2.0723316727726173,2.154501751494365,2.2389086821086766,1.830382569021781,2.035691076021995,2.1716772262755732,2.4075066977082793,2.348188485561698,2.2009944009466347,2.138581982217695,2.3093706477187324,2.2723323077357556,2.295660776327747,2.2246298537589793,1.901397414596211,2.0147709996699232,2.011354596466796,2.3299954230156708,2.1352746275111576,2.25483300765882,2.1763058308973386,2.163689553356951,2.2717768841988866,2.260445246861355,2.1514319271767866,1.8823070400369009,2.2045602521941756,2.02821390724752,2.255921940128652,2.201494628354916,2.1630810625988666,2.010499466952684,2.1594259530074567,2.058813432518523,2.030315468258589,1.7766571929942314,2.042072962215384,2.081455707514783,1.9284138946862521,1.8479384138550365,2.1243505304909176,2.261626950225284,1.841646281825895,1.8062386424455266,2.2011454717585215,1.9171884080817412,1.5759168793421132,2.2540131123326406,1.8013224274683353,1.8129099317017658,1.7682765658683506,2.2617605893421295,2.2534774308261634,2.0528230047384666,2.039296417488421,1.962795668721137,1.857557256498441,1.5343028463691022,1.895961233485461,1.9350188728163298,1.483011465680267,1.7792334610778697,1.7036529058658898,1.4600805255906337,1.778886669480138,2.0028408214873012,1.6206425986651665,1.8646016319110705,1.0955991612175335,1.3437999184398555,1.6036432765723605,1.062481634917079,1.368253001029383,1.024203359215421,1.9671931916102565,1.6045335117558768
4.459621663253144,4.486496059457285,4.451755302406811,4.479209297368447,4.548042063663201,4.228697153630516,4.011646552486281,4.365539437037707,4.523708075965903,4.436340130136262,4.374907894420714,4.420370614688474,4.3944419937760495,4.363558390422973,4.340038487934597,4.365457306103865,4.424084137978079,4.319240564503892,2.7122289290091617,2.831529924406805,2.2933056176685254,3.564011038850089,2.514363224548223,2.2490051175966013,2.5811852695776043,2.7479739510878396,2.544807701193326,2.038396911603342,2.052535035426472,2.4156941073060088,1.728454775201281,1.7389479775478724,2.7127826117721234,1.9409175878929412,2.1918046732829426,2.1402543604366002,2.452910137486038,1.291890815688979,1.5298790123389967,1.5684807052531635,1.2780563257509945,1.1530582796387865,1.0916047128610904,1.9216916538961009,1.278564448399358,1.1237816177208462,1.8337783430729804,1.5325394384910807,1.804455683057645,0.9979442423948539,0.7845022197458746,0.6210640850377471,0.58496002757634,0.7224011546330713,1.6578771998234387,0.5927583642001224,0.7815198828759202,1.1816980597707731,0.8060581771699118,0.43636061192915676,1.2029294123061138,0.9670671042240819,0.888404352863958,0.14188540998133714,0.2395806275110921,1.0544931440351002,0.5368091585611694,0.688542677499572,0.8133147804011296,0.4265079198915913,-0.0064268430572402835,0.6139255206084719,0.28167507226900934,0.9613115891108803,0.387738732452533,0.8904240195953372,0.6078102085730865,0.3527836612783437,0.35103635875187766,0.6054113297612105,-0.04496747967911041,-0.09218744609620355,0.4872809854957527,-0.1919772828182147,-0.3277355715781871,0.36148735959360856,0.3552550001599313,-0.38911963737869026,0.4358170816117486,0.0856912723495622,0.3143072992698128,-0.05633427445797867,-0.6456130804215121,0.3405591581558447,-0.6101289998605575,-0.22290479071835723,-0.4336223313964114,-0.11080972406532386,-0.5477545087206854,-0.61728275684714,-0.8953331020829784
1.352551212365297,1.7083017300721437,1.6373119156217317,1.7263511104176512,1.2994128334498711,1.5137182685677448,1.8018472835989066,1.2011578547198294,1.2389315864213355,1.3887145748615346,1.5682198719475569,1.7780269598188436,1.580148909810143,1.6408416181312955,1.6954496098239993,1.640940705182473,1.549076636369918,1.7446943632446192,1.5382445387569188,1.3016447377245832,1.4421258482949373,1.2545642552586003,1.556681316826939,1.1954519897929483,0.9260855999414819,1.512183694393654,1.55478979243719,1.5425046790946881,1.5605247771770472,1.4020983717959794,1.3740791214967931,1.5299125151955568,1.3188316988164406,1.32439671191654,1.4840207034096338,1.3089966783407032,1.080688998876358,1.4105742622423385,1.5300342462774017,1.0584835148641378,1.2604135084988535,1.2784852388112125,1.2720890962125502,0.9831968212298747,1.2054985996444696,1.368546033240511,1.2030492341981969,0.9307345489406949,1.2023841912009452,0.5929643644842049,1.4106885773505322,1.2697832466322456,0.5764067146744658,1.22310344345658,0.8489496139763162,1.0972480014425123,0.21077042640269283,0.06916514751375225,0.9876731036173538,0.44318302381586605,0.6979727941199201,0.8148351532603204,0.8957497959492535,0.26284502672427656,0.458472276175689,0.5435383228603428,0.37502290497098123,0.22289049656201598,0.6045565343609329,0.31570968220411366,0.9397461478064804,-0.09160309756789875,-0.15094083513243461,-0.2782249833053356,-0.1135175517055913,0.5125376941356095,0.4318266320967705,-0.2234530993125885,-0.21446856093463396,0.6158507227156971,-0.3993609233020692,0.2779100447980838,-0.20365352612998144,-0.2010135874571084,-0.2559366543946515,-0.746009064550825,-0.2433908592993328,-0.16354205409891343,-0.6987427022359656,-0.4650447663997852,-0.42577579064520954,-0.2884074881516314,0.3111782769865137,-0.9384813220680597,-0.3848770916755688,-0.9798088748504963,0.03064103357748671,0.09525319167447321,-0.6949575188309778,-0.03582463162781124,-0.9849695783051642
6.047412389412434,6.1254208393132235,6.064419938105856,5.926177200326924,5.786480687854674,5.945402880221291,6.041283206862269,5.83139350975751,6.1689934557118695,6.078387366559182,5.834534983000875,5.797942863451366,5.986930276532615,6.032341372695315,5.929552270332697,5.681236044556202,6.163521077271314,5.814305153617299,5.459280042885313,5.212942668974463,5.602460801384905,5.5504290549353845,5.563199025542079,5.688119401988507,5.017132243830754,4.131708760574346,5.032098198311776,5.493236948199511,4.494106484236993,4.422801447206189,5.401800042164148,5.249636525833847,4.719899951011019,5.06899934965596,4.123085101422589,3.7646105581072113,3.9806403300152775,4.7778764041117014,3.9732965918229937,3.957406902201428,3.6284821139580874,3.813423344344179,3.7452560298414532,3.336961625953042,4.471071611155158,3.7408175435391584,3.523900841164304,4.4141559278050915,3.9086137881459813,4.306988171313769,3.288875520820646,3.8622205993347585,3.4096484154821827,3.6483456794387914,3.8289055552507927,3.6072252244899934,2.7501511817179214,2.748398158054564,3.348546688411015,3.4659161224744137,2.7649390001573195,3.025237307895474,3.1929617318123444,3.308882451053095,3.356200336254565,2.804810317525612,2.6282188384276024,3.146319740240858,2.9837534873059486,3.2028269412256645,2.403799215119186,2.269143019056984,2.4251450548948847,2.0527362075448146,2.1802594877842862,2.3144885440645524,2.0032002044312094,2.380291781581769,2.821795671358003,2.4482962350453876,2.8217746448063163,2.148728552081063,2.6624151253969837,2.2390236360299047,2.8744897100089624,1.7833664777058136,2.0940256581912164,2.380087246846215,1.8202056139039993,2.7318325561859114,1.763008757336343,2.546943053276358,1.77780525446786,1.7177516303664762,1.4238285257056207,2.529245350907793,2.402268116137077,1.6545905667437868,1.7055984292948363,2.2631833899221414,0.9107937724725694
2.995089520380957,3.322170343194454,2.943564322168422,3.4069841200128,3.1159429087348123,3.442389504008525,3.2867373235590867,3.3240434409067507,3.3018025091092884,3.1770271085571524,3.386577210910027,3.2444814866189198,3.4578590612783175,3.348995515718914,3.2702241205785194,2.9355396744859457,3.2042881237102216,3.335322097737725,3.370857363412405,3.1656830633484594,3.1325102872022494,3.0863941041313545,3.2741697920206363,2.9671900947447547,3.1576209672798496,3.0553412714405592,3.2257676500608854,3.065187043028457,2.9145827605958248,3.1138360746910463,3.080574691863842,2.933296957668256,3.1252163510349753,3.104303201429274,2.8490513862229534,2.9210573953881713,2.9650427663273717,3.185523763883575,3.0179317106903634,2.897194677092479,2.9893792539677975,2.941995745917551,2.8888461224650817,2.908848052536616,3.029315769335433,2.968856136023444,2.7821249409824347,3.069316686894722,2.9843739501930617,2.735021326796188,2.843741260041033,2.907424259210205,3.065961821345782,2.3953512004450452,3.0425538429859253,2.837160620239616,3.016393689081025,2.8850931737697927,2.972840529222183,2.871288264874358,2.617338796780171,2.929977443827621,2.779431295657086,2.6630548307829915,2.784063067007345,2.5053068971613426,2.9092152800013684,2.6202514761296314,2.6216092483708744,1.9528655853233463,1.9354448916741145,2.5562927208787416,2.204965315031223,2.323688079262742,1.9835119780864643,2.696401497037442,2.607033773855856,2.4326485595284604,2.3112390916406156,2.758178685144758,2.110590890101011,2.9321500851154614,1.8354534000877276,2.3996060322036064,1.631697707863533,2.032223529565118,1.6499529443334415,1.639712818048408,1.8074683152994657,2.4103645550950583,1.7399545876526892,1.275591660257918,1.5414943539640689,1.035205035491927,1.413698086529818,1.9546165672428684,2.226035152375041,1.9042580093553099,1.752373432967457,1.6571033659044847,1.266091840483643
2.0778344382126575,2.1557982454224005,2.236771877517718,2.1901151212376666,2.2474645481091926,1.867480956039409,1.971439127124441,2.3269457037704866,2.0126561835827674,1.9152429310654666,2.319027270962935,2.347433538384701,2.1760087299214153,2.0846503546177875,2.209632147374359,2.1768350301239083,1.8162670570763622,2.1662568489263663,1.1588906202590747,0.4591192221717604,1.1738550915912143,0.7600703291882605,0.10241477997819004,0.2309993230723677,-0.00440886104340521,0.42759184684941776,0.2382327370163022,-0.2807315029223387,-0.08893867084177565,-0.6370107501700772,-0.009494779690458088,-0.20520105825271617,-0.6797740500128722,-0.9707984564319547,0.005754897898420985,-0.7081592308913285,0.042095797142708946,-0.6817434660056687,-0.3672140002452746,-0.8777357436498754,-0.9107509022913227,-0.20633455427108416,-0.3751940434546812,-0.6076556205371038,-0.7908801234551559,-0.8931512984229073,-0.923034042821187,-0.5077779691070452,-1.5264185851412222,-0.9185376843306292,-0.9870712263947334,-1.1919697918197532,-1.764579661422541,-1.7690503550402257,-1.5387625380871217,-1.0392766111718803,-1.8267683976825602,-1.2134955277973356,-2.0719981380786843,-1.9758230871400748,-1.298954793365401,-1.6498433997900488,-1.9473297301344958,-2.1035549920441055,-2.0501871149664783,-1.2833808067512606,-2.1552829771040702,-1.9963854550232547,-1.6138768692052663,-2.2282097468357325,-2.411632464448263,-2.1101810126345626,-1.7392589673839716,-1.9185806575088682,-2.5520773335625266,-2.295800723760136,-2.400195957856771,-2.0586653775039956,-2.352134739469469,-2.5912311112120987,-1.7927766070857656,-2.3728111139052626,-2.6058281724486596,-2.9422907061522086,-2.6978563227836103,-2.3456127313693935,-2.292723926285687,-3.129988654824783,-2.4680540631188617,-2.739693003807737,-2.7262204512537167,-1.9901588480378543,-2.645480726498481,-2.958730912465719,-2.7153473504166996,-3.322189366316317,-2.5708610210973166,-3.15576613094158,-2.578953691795663,-3.39555057496945,-2.816464820209778
3.4259942302598025,3.84042730970672,3.59711938024462,3.6096069650889797,3.765674386539694,3.6200898585088392,3.783529607124561,3.5841502394323106,3.74213774647383,3.6155153673148313,3.7800052029882405,3.5630125086898055,3.6002072009346726,3.7431394916911938,3.7016447186257926,3.8081745428203098,3.739754471048559,3.7500514319284592,3.3098453306674376,3.069800063307386,3.3020512606382697,3.1385257864967118,3.012902750447669,3.3004848373253015,2.656111334915753,3.3079701439962923,3.1470260625244775,2.916327942902152,2.3493767349409698,2.3635873922020876,3.0105881988519085,2.654402296050753,2.8984883358512477,2.327991821308255,1.8817917445630687,2.0839406912043925,2.02440517663785,2.1325491469925613,1.8829810616761922,2.1752886644828946,1.563831737664505,1.294114374077382,1.519056112945396,2.287183963134252,1.351559481465749,1.7969978224662313,1.3266105192488782,1.8746032678215832,1.3675765214411388,1.0740713126992727,1.035101538443488,1.1511076553219395,1.5216631888301224,1.2906473673310392,1.1381356498171513,1.1072721305398634,0.852128430139663,1.2843241843333226,0.8645354646391965,1.3266620151081225,1.221863808799795,0.9682115101356459,0.6572066491466524,1.3288690437923014,0.3294601846807197,0.319047231054399,1.3682420757870615,0.39479850030440566,0.9006524612251123,0.163932803912747,0.2796741157889038,-0.14825529417176408,0.6929389890026387,0.9465060278034905,0.632670600827792,0.4838382427509549,0.013173722108248853,1.042166530549605,0.18516898624431022,0.6991424224427307,0.29987345890193584,0.9950989217210449,-0.11023700864337105,0.6226999356263931,1.0530956094971442,-0.4097522128733111,-0.267423993938408,0.10621764796688904,0.6851372787566339,0.7570114666407592,0.3252469600704835,0.5834562943123345,0.05673303192436041,-0.5630280445412907,0.061032675278575255,0.6321114027509136,-0.7340939679315159,0.613761278127674,0.6668706138402589,0.3742067134186806,-0.7002653213480157
1.8622228986345828,1.9894854782000877,1.9088228333417936,1.502534185961613,1.8863951104874719,2.0306869620299013,2.0337430565713897,1.317608884181082,1.9645303625946822,1.6983866303495159,2.0003091494152425,2.032699081180275,1.7649366483266213,1.879920645616207,1.8423406783733336,1.9783512972078379,1.7930175355020133,1.896871948853998,1.1981723258289811,-0.0072802230294346515,1.0118364327721778,0.13445258174942776,-0.03681678790745213,0.028183918899791216,-0.20589163373871067,0.0313582529628329,0.2590362480216566,0.2994895819128711,0.38163856508487903,-0.35783150214369464,-0.21751788403358407,-0.5680106715277073,-0.5975753085936493,0.18422196627644372,0.2006927384344097,-0.3337814133884729,-0.8122093454720316,-0.5260121794208432,-0.7609285111413859,-0.3573297161093878,-0.8923991845169175,-1.0701574579923445,-0.8868314307952323,-1.0571185706299584,-1.3619736195816676,-1.3085122870549544,-0.3834773494220105,-0.806732858799303,-0.6404963063773499,-1.4197784558102482,-1.3781547830364103,-1.2190834039111014,-1.4074707392257562,-1.602322602437586,-1.3504151021578004,-2.0842114794602473,-1.316748212946771,-0.8325298994432755,-1.6800761445608599,-1.5804425608279127,-1.2968486903171845,-1.991722352754607,-1.676519569610841,-0.9908490885869092,-1.9285851081515624,-2.4058761965344795,-1.3854390139625856,-1.4031704786966204,-2.47139078370917,-2.2010524792060435,-2.0413398099578313,-2.2187237913090394,-1.5936079535783927,-2.754746941375358,-2.3375793708619588,-2.1926238821079638,-2.5220272330307667,-2.1352462187830916,-1.6660359168240975,-1.6445755465866458,-2.342217822183966,-1.4728894896117604,-2.219308136456921,-1.857932143644402,-2.334678403566053,-2.4570183146065974,-2.221635199931421,-2.9820103229425348,-1.9895698652641247,-2.1060016322253627,-2.2332008908382432,-3.147012791409617,-2.9384416739259667,-3.111570480879851,-2.602392563444144,-1.762932795431957,-2.4517326180669015,-2.3255876095006904,-2.3583139620429883,-3.2159955519519343,-3.2613622296484204
1.4019127322833747,1.1821221441301244,1.0378054907916567,1.176231068234971,1.456173156716984,1.2731024779744757,1.2866461780019502,1.579727432135705,1.1721421163500967,1.4588492765850436,1.2616399036675165,1.5047198526710606,1.4601820448582554,1.4744326942766186,1.2755554327427987,1.0732301607318497,1.1340836596003605,1.3558052391633026,0.17417866074253396,-0.3873194552457342,-1.0814200127745748,-0.18182645876727666,-0.8495851994942756,-0.8389145651749459,-0.4447445835681929,-1.2658540348146836,-1.0477861774515604,-1.526730453250762,-0.9091820239958821,-1.0969993543118193,-1.6148974981306559,-0.9915897858189746,-0.8364382201728295,-1.2227900304575545,-2.1959721163276047,-1.9668457302510802,-2.082666713290222,-1.470544956025659,-2.709493300985563,-2.265150338487448,-2.3915919265561136,-2.5456662061968247,-2.1003088870547693,-2.7832530053493345,-2.647966269177023,-2.5056860320177536,-2.3837258161716743,-2.378005624912184,-2.3450689796516944,-2.8619114075063283,-2.289564277852441,-2.650319741074635,-2.964800310546373,-2.8077150330977823,-2.335761388804732,-3.3626694101939174,-2.7248733831668,-1.9946582294629804,-2.238790998897188,-2.463899327333607,-2.5955509008913085,-2.3755576873365696,-3.394047346630174,-3.552351794817894,-2.4305388064414037,-2.4286373033478963,-2.6265617502363803,-2.3718808973161485,-2.9013445933407027,-2.8635171947437312,-3.287851732103217,-2.8150880513548744,-3.2660775806928317,-3.634839210249825,-3.6889923871891073,-3.3861722847955873,-3.7511677713095866,-3.864362652664621,-3.4706425189129604,-4.033182849249011,-3.1681589827409473,-3.8894640270764773,-4.029492959023745,-3.8607605849289257,-3.67268247132085,-3.89346316934515,-3.523806801993504,-3.554994555216739,-3.7042484093532515,-4.399357133950466,-3.9467640733215283,-4.30540247724471,-3.647965401359322,-4.648646478468699,-4.228360139659949,-3.837091889094932,-3.8754612228610306,-4.176561186587533,-3.6171217695087288,-4.434306382488275,-3.278330677821243
3.8801162516771868,3.893256189708766,3.8818704866614215,3.8144396191044354,3.720171614782277,3.7957822872355385,3.72954151324051,3.9777078366114953,3.7185044198127546,3.8713233686680786,3.948671815538124,3.961040713973625,4.021971739747934,3.6035762148325885,3.7575587879424353,3.9456745271392606,3.888586354742147,3.746383463985044,2.0256916103471863,1.9657424143507125,1.6694651631148236,2.1443235234501703,1.9341765783301392,1.7024117845857125,0.9253828644484319,1.9328368156849365,0.8200774813944447,1.1829053194427122,1.4124364617258323,0.9724477736548698,1.4821905149686394,0.8550237935132117,1.439408520186741,1.3181736363857253,0.3035271949860334,0.7796287560379609,0.07268380547023767,0.5955360571734731,0.7845128833449753,0.65082944373437,1.0960374386035419,0.3545811535698098,-0.13964973997949848,0.29553464176320166,-0.39606861320604914,-0.3463833079084395,-0.26728909679741975,-1.2860798521032315,-0.21749670450953307,-0.07893643595085997,-0.37303325465703097,-0.7202002453545102,-0.8497013316591406,-0.631818482228427,-0.8850117632719856,0.005185869638938634,-0.6505889214324991,-1.3006662140452638,0.12485168874559971,-0.37020627419352525,-1.1508374126106293,-1.4314299397190045,-0.3526947235316378,-1.3397644319445572,-0.42340286080110534,-1.3381594998136892,-0.56526485334863,-0.2697675045845864,-0.6057464585178503,-1.0575460421970515,-1.1978282148905306,-0.9066886570816051,-0.6019579393528103,-0.38370875339897914,-1.0088691876259492,-1.9898253658702636,-0.7113178863188923,-1.0484998387039042,-1.6262161741429813,-1.0621816811844846,-1.5078719785914316,-1.589498363983573,-1.051691292813957,-1.6826152775423031,-1.541791610081141,-1.7824038182543074,-1.5274799046303311,-1.6302584966516482,-1.3031620929594814,-2.0415747638730313,-1.9964992189613264,-1.4911842794888992,-1.8808460540295302,-1.7804448914973197,-2.4622337773041307,-2.3427063475511645,-1.5005184394545603,-2.8858611351748706,-2.4019425392399,-1.5908874169947929,-2.6744745496515305
3.432131195257816,3.367175509572273,3.430833951251331,3.5515454937367013,3.3916297407074074,2.968469135400494,3.5540453628847173,3.3707647395164253,3.3308276178846548,3.4839044836411617,3.153463631991653,3.1809750409346194,3.3523491534652807,3.4358175082276476,3.176195600225938,3.323293916201128,3.4747258637443377,3.3324935350684735,1.7610109225623765,2.427529300697846,1.807502393420405,2.3022401220637114,1.907241790678393,2.344748834516702,1.9525309195199974,1.392848541452235,1.5516423020760897,0.8910643216036203,1.101769404680443,1.0130714044631013,0.7269055715340071,1.5116565268888458,1.0672394455209488,0.7845983815865463,1.1925778309615485,0.9706913617320101,0.9720800801988654,0.9656570935710889,1.0615726113249888,1.3108957349132169,0.9328770817769678,1.3523564842073696,0.7308904906509843,0.03220035618565742,0.9239551714466758,-0.2731297270784987,0.3438325672071274,0.5341439978882283,0.5344671297569796,0.2928703931284602,0.2070634351132865,0.18624131106301967,0.008175980800186444,0.4892556429260262,0.7791627724073962,-0.08239527192536578,-0.3743372873401478,0.6185258313918407,-0.36560670008328167,-0.3980632795331793,0.2478105459817197,-0.03735815997663128,-0.5542076310080883,0.13613328142027115,-0.7165823391531347,0.31735544418841943,0.08743797057369385,-0.19371476585535063,-0.3593849468913053,0.22805010497384348,-0.29035710500318235,-0.8713745312250589,-1.0567354764247465,-0.6644598233228454,-1.1792401441749485,-0.40335752267009717,-0.6472786239930093,-0.42733177000458866,-0.4607130336430352,-0.35718677209605687,-1.4601316383650307,-0.9215236772664843,-1.2589271714505177,-0.7984108574703512,-0.5005156485068092,-0.7176382853145888,-0.2746556413631547,-0.8291561852552691,-1.7759624367706976,-1.0663925193053805,-1.6429293718687354,-1.1840439517874497,-1.2951675232244106,-1.6117888223286432,-1.223252752741237,-0.8248254685067948,-1.5770577042658092,-1.2396809993898303,-2.6673329233962866,-1.2083224562415573,-1.6190917357909917
2.3091490246635225,2.162786703091326,2.000993114228213,2.231750976830466,2.091077621657268,2.0918539994237504,2.2927313806477274,2.290605482695054,2.2255368256534194,2.168114452462259,2.2753264961174278,2.286482715160508,2.2943343416370787,2.320681921246755,2.198943635064106,2.3824331035645203,1.9814862490216738,2.2750708415311296,2.2027829210433483,2.1649715215102665,2.287368545245476,2.412054320064093,2.4181727362949603,1.7262974495831305,2.3913577370235,2.2385775544545305,2.152959248227978,2.051593382224988,1.7859171800079112,2.2281772679146252,1.885802986967069,2.156350226210508,2.2282341054788883,2.0510683019806217,1.962940349208517,2.215007278582365,2.1610509399218243,2.073912871831049,2.258050877402238,2.322281771254466,2.195301304457156,2.2758172298529136,2.2802003590842475,2.203738600739647,2.045166765681257,2.3709857972821755,2.3346020915956016,2.2271477514191096,2.0846458478005934,2.014387036600219,2.012919960571776,2.36806586613568,2.2521820738834455,1.9445913562085266,2.3125959552677777,2.223060454285277,2.265506072488999,2.1475841524235735,2.2189521304272857,1.7841520430762854,2.211573013068784,2.1288879792148947,2.1691469373903276,1.997707414067171,1.968563248114398,2.2534345666969626,2.1957143477035164,1.9892904448064135,2.018881611000669,2.1619336656550754,2.095387242673791,2.2703691176719394,2.1333138734660375,1.9472495436535624,1.9446912717780638,2.312037082715462,2.1837320014837758,2.2901101365837366,2.0757351576262018,2.147953577940892,1.8527357776521551,1.801501585127249,2.1048833574418477,2.1418302711407335,2.266568924975499,2.0878960165290987,2.2543703334859027,2.00795369313472,1.9367619098788884,2.2837930159803053,2.2125985879775953,2.082225251473484,1.9272325126858059,2.1628529887436576,2.0912555566734277,2.0436427124393273,2.1989761632745246,2.04730290218468,2.0300937318734,1.9737295345582657,2.130632026865168
3.151637108809558,3.0700338418819078,2.867609110060431,3.0419470090833167,2.989970984230254,2.805295903267913,2.7231747942007463,2.774972677592352,2.914140266284046,3.0514992763218105,2.9846630247502572,2.9577355637860094,2.894783824279398,3.062061410528746,3.0288629830331093,2.8228491274211542,3.2047635983828737,3.1680424968353504,2.8647330893246252,2.100082925886169,1.930467810903476,1.7734820919351213,1.968907152326259,2.365571769713015,1.752396287635186,2.4517376316886415,1.458906466338334,1.3547846312446037,2.0439049933976623,1.248664891357734,1.60123260477555,0.999523177088725,2.060395143066832,1.572972202224995,1.5837089200959547,0.792242877009123,1.1422806416643976,1.0330541680900538,0.5389041932251883,0.8682671774571604,0.6640340943188354,0.8611156340274757,0.8266773397724094,0.0391317212792206,0.656752880775989,0.8198356323228868,-0.05590709241295588,0.32130736465157117,0.0392121762962967,0.7511403115220086,-0.07380525695907814,0.7570598889156095,0.594052467317316,0.4105844193083188,0.33992740419521006,-0.1283171349096044,-0.43450589328177003,0.05437853582302132,0.010214697985347243,0.5819254835199246,0.10803939549505603,-0.3551691940211228,-0.043996787528890025,0.6002741725548182,-0.6033949701556072,-0.6989678157653056,-0.7073217840662949,-0.7679789732893436,-0.9137791812377074,-0.8065229545212107,-0.4513391527766917,-0.8060939704770256,-0.4443184983534225,0.07832490389873037,-0.8676890614026975,-0.7465169884426848,-0.10141681205757269,-0.5887833299509886,-0.9471058298594537,-0.27878053749758536,-0.506227032570969,-0.3283265566885829,-0.7294541080328898,-1.0279321779666262,-1.4968346983894456,-1.0563523465991516,-0.36253089759607615,-0.5103298084633927,-0.2280909197271237,-1.3926837814153563,-1.1890308611802745,-0.8183691459276652,-1.440578965204307,-1.6119539989535356,-0.25242711414297236,-0.7057652596860322,-1.9570761166071255,-1.7603624396669018,-0.963434541773128,-1.7032671095645986,-1.7305435150650856
2.4048558468954226,2.4685057531012564,2.420313095065044,2.486476048936087,2.1791626487148523,2.514116387092371,2.258847590458349,2.4232103612038847,2.3432965049083183,1.9763727464699734,2.0645808688955993,2.5208559452053425,2.345689545527936,2.2083382683992285,2.353809961847288,2.392636865176522,2.509021045972669,2.3633619068404226,1.9659172514962346,1.39443144122738,2.193874359672705,1.9032025517696427,1.901797709497214,1.8308221909205695,1.498418144065095,0.9649804195897831,1.0889743532558258,1.0077545094690894,1.4572637354975537,1.016779910779226,1.0482698000749062,1.1924914101197883,0.4588894759876849,0.412379908981082,0.3527093508234245,1.0967638223951566,0.4097393541974004,1.277257900194881,0.9942114878780153,0.23084963277403947,0.2648274652701188,0.5144792067610062,0.40157242540959626,0.6201599455832936,0.6073379645243584,0.3928901242337748,0.39737734296560223,0.15300928532480373,-0.4047292960138087,0.46057150128650015,0.17406628014318404,0.21739840845013259,0.21570814915066006,-0.5906112018610328,0.029190811842201292,-0.5627472420617927,-0.23525532909336366,-0.41420894177823797,-0.25837790761982227,-0.12367026019214045,-0.6898398589712373,-0.4711246664505335,-0.767815437409797,0.039641263928556825,-0.2640320830085221,0.0419463734334915,-1.1373228243815907,-0.07180084267547482,-0.22733377424967127,-0.9394183329754808,-0.37347211916674183,-0.5720141051314771,-1.5917459697606793,-0.292852051945955,-0.6142973545937913,-0.448840179475388,-1.3908398735010108,-1.1917038166801426,-0.281705918552829,-1.2026165899847285,-0.7796899330162423,-0.3404277948791572,-1.2874366712170868,-1.2381393909192608,-0.8125488459914196,-1.447615523103484,-1.4270849847561822,-1.4901649023219816,-1.6035324986381791,-1.4025022249000578,-0.9288494223292352,-1.249527179411226,-0.54321866060332,-0.9394148269525768,-1.4918306270671478,-0.8561651871634144,-1.5074852309566245,-0.8034151121529414,-0.6441768941509114,-1.2927549993858465,-1.7188953040664678
2.317396450732187,2.5181167228281804,2.4038130747705004,2.675329926022979,2.4655089055067885,2.593021342077539,2.480147016154273,2.7369683224731984,2.567268490444067,2.709983773469994,2.4707580837840837,2.2631732937005626,2.6283029590359126,2.460442186439134,2.491990260481865,2.5305682389454116,2.3799277062945574,2.5776516970150185,2.1542005888114133,1.974490147585401,1.6873414349471307,1.2645023738052554,1.2518014165058524,1.0739903138515041,1.5473120166423673,1.6287807375978058,1.1755491376571428,1.4841221971931153,1.2905832847036027,1.2405533552948071,0.8311028543610819,0.9116829368306485,1.475557662446537,1.220331702363815,0.8035305673011468,0.9892888094635959,0.8366620529828088,1.0398725215132254,0.5939137623625683,0.6475533289054356,0.22725712366814754,1.1449701131474397,0.8940896608997777,0.7384387524630771,0.1260133650144848,0.516026657908152,-0.10681048565833962,0.03360256086993463,0.13135564950330458,0.26157768204605425,0.6884087827226857,-0.3378416420229149,-0.15167600280317206,-0.4949437772420655,-0.3354513138873747,-0.0151147112582386,0.16863961053807497,0.39273491656887494,-0.4395819486852366,0.18375784013372432,-0.9611624014910909,-0.4415719800149649,-0.10548684946575548,0.3268331142690899,-0.2818649367542436,-1.2012367920180385,-1.045715368494955,-0.8758141122521126,-0.17068742265715464,-0.6444820825137052,-0.6065350810950187,-0.952148574089235,-1.005380056629111,-1.0873433964176886,-1.18562530859157,-0.5036427414249802,-0.8978805726682904,-1.165126816269936,-0.9750429118731514,-0.943883131699419,-0.1989034612312377,-1.0598455133297353,-1.4108039470849567,-1.6651020482788361,-1.7139487164313252,-1.3842007154776983,-0.7588542220181784,-0.5786442968885215,-1.3094967411305634,-1.5567537159539917,-0.9029216780142244,-2.029377974922175,-1.5588575174414787,-1.1996138820168945,-1.8605056058534029,-1.2284691565890062,-1.2968128424500973,-1.2529587569265512,-0.6235862862805899,-1.3088576836528176,-0.845529152477539
2.663658426251194,2.5089848712867733,2.5629811928302715,2.522380750560785,2.6381669716531,2.677253344082817,2.504718667166297,2.6953134911649537,2.658806380651094,2.5632879797988615,2.6368424629038767,2.551809727146047,2.7244359157008677,2.3354093591582252,2.3737899595277643,2.6891628350516807,2.5848937281934123,2.5832939912747186,2.054185506735923,2.4044140410333545,2.4954034277777355,2.062108133240325,1.8967804819437761,1.5348654036299578,2.208351770321012,2.4564151893467328,1.7863860589220861,1.485212556220433,1.3802401436722267,1.8745368720103848,1.5255051720245447,0.9954825446014937,1.2959359835990156,0.9628937059138227,1.5367870962506789,0.8180644085288113,0.6064166866441596,0.45857149787865303,0.6046188317520418,0.45701932915893195,1.230772101657375,1.3101222690904182,1.3584028269725668,1.2472658353498671,0.9213931717162689,0.41853901540770977,0.49224120430411133,0.43991237057105437,0.41631394708249925,0.24963074828773113,0.6168884335889517,-0.374734791296488,-0.5196291146857588,-0.17377029874413807,0.39513449105488885,-0.49338105925175224,0.6444215314760413,-0.302686202542918,-0.1735761908766591,-0.02802787225771919,-0.35506316930100823,0.16695279388955875,-0.3443362349609487,-0.4730586258103049,-0.555737692873226,0.2019031673555851,-0.942785247190665,-0.35678107401206827,0.03557975827204807,-0.09516599848169971,-0.6667288658757933,-0.8217412587023674,-0.897685506040097,-0.9156817957288341,-0.31707194237002856,-0.1992835185814883,-0.23424078717637897,-0.6150756051785011,-0.8338011163915766,-0.48981824883688496,-0.2636633941740891,-0.6113342160210715,-1.043994276038691,-1.00384658782008,-1.1395915246453674,-0.738900547495942,-1.4489900797544246,-0.7794084750525672,-0.8422190152996585,-0.937190395397586,-1.3559388312356395,-0.8100714972050964,-0.16985847918368435,-1.074571851531207,-0.3898721877322515,-1.2496687144716674,-1.6243745508942888,-0.6615781518352826,-0.6782605228087943,-1.1606876573349467,-1.400423278491667
2.31453482537221,2.4687646988027456,2.2533545361120106,1.9958879272822205,2.459877568765413,2.4697834556539044,2.4570455164191847,2.3818805609718137,2.352482693629958,2.408303515217302,2.3108613189585423,2.34489679505491,2.2775060500674016,2.490693080352644,2.3727304138954617,2.5625958613392488,2.0430579544152234,2.5319941199441915,2.399463762895153,2.4565677025421016,2.152883957505435,2.5116681931053737,2.372424629019921,2.5159100645368486,2.4632072099858267,2.4354285152795185,2.330442330117177,2.432699404622176,1.998061364454248,2.4248187279370006,2.477842180867059,2.4610303181390387,2.1833082181331367,2.5461658133137206,2.3457845341047596,2.5300662257173716,2.552190910299844,2.479753686006303,2.50412951867796,2.5378130639254683,2.4453521121728885,2.327688506288429,2.361475376620427,2.4806035121919425,2.334401435869391,2.249578452151769,2.430118365841035,2.336364383644514,2.419273660093534,2.425713329282565,2.517909804151068,2.5491868537301574,2.4243956019252506,2.43392660345073,2.4068630093571635,2.1035662620797853,2.3379969226881707,1.9954136653940617,2.1762743792254184,2.3224780261255784,2.5177305569039277,2.516660638036953,2.5662353401036775,2.6023177086200002,2.496786723611657,2.324536961983908,2.4459377499543695,2.194238848040577,2.3793058244422784,2.444619170780813,2.6163806495711164,2.2361670913909704,2.4223883743067134,2.5141319016748414,2.132658857478374,2.5160972295749415,2.2138398298367488,2.6096781369180606,2.3712278423774267,2.42867077493308,2.448880063703088,2.0391186240841357,2.580539764167728,2.4273399001608222,2.442972217015301,2.4947018279910003,2.4887059691881976,2.5840294387617346,2.3253390985637585,2.351907184595948,2.552543663246918,2.48161471872403,2.5815114640634897,2.4977832253437438,2.0849288363147602,2.352433780857899,2.356514074992927,2.5128787065922014,2.4149536966588414,2.2143259291503368,2.5645018832988455
3.014306648736185,3.09705082307935,2.862361130736729,3.04307056972747,3.0806688588456685,2.885926028350217,3.165993557434102,3.086393327581166,2.8394730333473737,3.1933312295755254,3.2426614652252423,2.926614757859155,3.106540416204867,3.049094917974915,2.9479256056840626,2.8653979920532198,3.1103479447323137,3.0703109127247457,1.2563608451867188,1.1702606165522083,1.6800240063227552,1.265935767355045,1.1758984304129738,0.6064063963746529,0.6452036112389479,0.46616334831968675,0.49734316579616333,0.5247703820703578,0.9748426584411671,0.33767977196601073,0.2035554588631534,-0.19296207069673166,0.9015173199305409,-0.1968130078031205,-0.17232119049784167,-0.5260325781262862,-0.6894603057963087,-0.19196900565831942,-0.3120199296485495,-0.7411380796924334,0.016165354079642924,-0.9022721302743344,-0.8122268504313803,-0.048459682205992394,-0.8921429699298891,-0.3395735203509087,-7.682982675216721e-05,-1.0205755443103905,-0.8064594955450222,-1.6252560441130948,0.020299685265905865,-0.35221367753897503,-0.4312809183906152,-0.9174756357533038,-1.3047214979407853,-1.622456642682895,-1.156450297188779,-0.7396596822822508,-1.11573490888214,-1.7725171469240104,-1.5439472138907515,-1.8867828900603243,-0.6204123077975137,-1.418098976241689,-1.8307743660835225,-1.7131648801511838,-1.385194848391187,-1.3371246647618413,-1.9770660968763751,-1.6621021516341088,-1.6708752953785826,-1.018688269392694,-2.0850557282920326,-1.422471753886895,-1.2584867192877418,-1.865380939518408,-1.9140554227395716,-1.4529318283279862,-2.185378874768287,-2.101124571468075,-2.0212606654063325,-1.7923886287088262,-2.450671895744688,-2.0055834935354593,-2.7250324386780163,-2.8472761290612203,-2.6122366874558205,-1.5874729707397046,-2.178811201039978,-2.4648207852117645,-2.022399230909815,-2.305490333410515,-3.277794989396659,-2.250141015409227,-2.875273192597496,-3.153973358121407,-2.4403616931963326,-3.015029552927702,-3.2886418109479774,-2.86228739924808,-2.964731444980792
3.6835682209532887,3.827837871865129,3.6350780140476067,3.356069220419016,3.762882501844971,3.564912885992296,3.574239670688776,3.4275017718058933,3.578356624709988,3.7364633720482185,3.645921383235428,3.6498909942624396,3.582181494341092,3.679221122397175,3.471345396905255,3.746516430463492,3.759493484694427,3.699555551620846,2.3551551963142447,2.4599374596147205,2.384593844889028,2.022646898995222,1.7041341992338825,1.3109996553042151,2.348383547029427,1.7391392481721306,2.0062544917202514,1.3727526935330063,1.0060587092109614,1.4716424403264305,0.8823818667523522,1.7802081960220502,1.3433271989730304,1.2211724305723424,0.7959956942811814,1.5096055669890482,0.5432847010258053,0.5376195235750147,0.6911071096653902,0.7179768828095217,0.11860487757222504,0.3178681987493528,0.26282118843181834,0.03193409723228857,0.8808038267416842,0.0915068096293048,-0.09055671212693905,0.47787292817036775,0.49897365814241734,0.08366867947947831,0.20122544222731875,-0.21724595585251105,-0.2565283786293211,0.1475914290854634,-0.7820201500635111,0.3267956394949012,-0.41686895590840045,0.11253340738508744,-0.6141057085667017,-0.0025765461405473644,-0.5034089717896304,-0.7719711882491866,-0.3208693065641004,-0.2209035472643377,-0.4297652549725548,-0.5051650407465704,-0.5752696359820089,-0.03310263144629566,-1.0947366417348743,-0.6724253390400028,-0.61972945523965,-0.29946105965663516,-1.3764066176541956,-0.2973495576247771,-1.2701312977148955,-0.2642619616613562,-0.16881897365193677,-1.242333176345089,-1.7006610455433675,-0.3754814744898809,-1.579755038335322,-1.266577562952528,-0.42056112733767304,-0.4234836931845347,-0.29887654928561513,-1.9336922153055482,-0.8225352809021436,-1.4952980061556058,-1.341422486969246,-1.613873148067566,-1.090019924906712,-0.7323107134015334,-1.0655119247468274,-0.6591539030521014,-2.1266591672977073,-1.6460605504047345,-1.4129636046517744,-1.4021120280314543,-2.1948862882635893,-2.060543526918673,-2.191065286624834
2.892832802594345,3.121211718526986,3.1123306777742217,3.233894196073493,3.093980964595737,3.205650755439769,3.1467400957985037,2.9615515331772624,3.028777489764173,2.9780228349710027,3.203823076169047,2.941088202495065,2.9048967867809914,3.1055388338967997,3.054776185575699,2.9564163479839003,3.1032578128280237,3.06241649542174,2.191385082991853,2.3036933436317675,1.7608484620586031,1.504017806766985,1.3864631966701788,1.7050954404022889,1.0512038386307179,0.9740592966837571,1.019127774346285,1.3911091420355337,0.8161898333585338,0.7836248034794107,0.6927520301940531,1.2846297620877447,0.7408761619259252,0.7384269147159408,0.7780410639384927,0.38813305956959887,0.5954898831674038,0.33466949588326056,0.7397893069956298,1.110842915501097,1.0763468553035445,-0.25624716048264684,0.802167013804076,0.06549555005961682,0.09500548212543336,-0.07486496705261114,0.04044283105273472,-0.04546559167141684,-0.23143344765516005,-0.2490523125503774,0.6835080322622824,-0.4301118372649917,-0.5150247940460364,-0.3312746755953011,-0.13689032614326546,0.08839983540763097,-0.583815945461331,0.1499174928862672,0.2894914286439212,-0.4903192712251432,-0.7535568608079259,-0.24556522243726686,-0.24854217037298554,-0.3413394925107269,-0.6769536486179417,-0.891732070319569,-0.3008339273683269,-0.40689429186002446,-0.6808828636877102,-0.6145084154336233,-0.7013528002480003,-0.975808338984959,-0.6532216287720747,-1.1725708922174363,-1.502012813869582,-0.20232189045581261,-1.6473327751286853,-0.32599801626736014,-0.42947150869976536,-0.8804811598952096,-0.8708346674247567,-0.9959346215017968,-0.9159183456684241,-1.343291946828514,-1.6837217449216144,-1.6144512671394713,-1.2954781383392566,-1.3694630932594336,-1.389116176450905,-1.444414855675202,-0.7501405625715298,-1.279645404068499,-1.6758731187201468,-1.0313003859614636,-1.9123020184093393,-0.7067335522410865,-1.4219501614100576,-2.0025382120136523,-1.3045044449239933,-1.973119199235887,-2.114259059653172
3.391851983170823,3.5287979752650145,3.6200695269884093,3.679110052457692,3.701767257860693,3.560431381773813,3.6932407203746616,3.6854413151646392,3.827802698024146,3.7180666228184664,3.638255898633446,3.7606524189551545,3.7713884027292846,3.6570854477115535,3.394478059841008,3.46135618082599,3.568140844434308,3.8406555588766373,3.2915538762937118,3.402701598478113,3.4570340482231936,3.49287859637755,3.205628394181452,3.3905215787093272,3.3832502200460626,3.268489150039188,3.356148430538296,3.047333859038609,3.1269732366711214,2.7464654879611787,2.6115915189408945,3.648078874874906,2.792603402265101,2.4012306053975747,2.2316985744929037,2.8831244687507827,2.7736967352365323,2.1653988693361343,2.328766315250639,2.2738780296213035,2.169627089296678,2.74507708045666,2.3063537480954928,1.773198279696099,2.321777537627103,1.478277689049781,2.563485147824033,2.309032267050797,1.474488172356395,2.0418732805530384,1.8486917077280411,1.5335349983580429,2.212516704747162,2.1650801002312328,0.807288251924791,1.9245220150297087,1.5517747010936498,1.271162569239162,1.8193938631794007,1.1759267106801916,1.1965295462767775,1.187655007486816,1.4518590996699112,1.3369647085357403,1.1948678811867417,1.5532884871301817,1.0406364781665634,0.5102287964515195,0.9760070990735343,1.5511972171680863,1.0846313590130174,1.450461849018847,0.4153846986687997,0.7644531633960758,1.3252131175645383,1.0598765202251101,0.9257419944157679,1.2204452040825293,1.2042452861799546,1.0463118972624974,0.8924931220068579,0.5862798787742634,-0.014464651276621332,0.3704546082441107,0.47502208616804076,0.785992456955948,0.15189401028985738,0.8773920360804999,0.2553969356789585,0.9584375768057578,0.19350429904414845,0.2793294641516608,0.7484384340492589,0.4940707961782067,0.5959903525470445,-0.10720976492238332,0.5600525963180409,0.07597829804249923,-0.3169375710705191,0.5960212397092031,-0.36891184010107647
2.2664912963004795,2.2336553076201078,2.2751234337294743,2.274262225760049,1.9041227904457205,2.341571342710928,2.3350392629864887,2.1073002640322525,2.2958741678867547,2.2583078082323027,1.6980866345596155,2.2483467665399015,2.212514519757862,1.7451096717087697,2.039278199414433,1.9039029841621424,2.1686502283849673,2.1738447232666864,1.8098553915731017,1.5640568338004108,0.9660621522992567,1.7099244858853542,0.6747928684164712,0.7159087654117435,0.9433057728408549,0.598924029269778,0.9382855007104265,0.6611959673173207,0.10291243329604605,1.080337003979409,0.5377772801599043,0.3373138177781563,0.5946431796079601,0.22484418662203076,-0.09421100363998391,0.38445722482944333,0.26789736247140894,0.5228128111915842,0.065781844416124,0.23646619550969739,-0.06005373367018407,0.026718304195291864,0.5436272647100715,0.28295427512117755,0.25659135811543443,-0.6378640783545091,-0.5414384767920559,-0.09949838475597783,-0.233017489721135,-0.641749225292747,-0.6463193884401051,-0.8591857410411343,-0.5912889507775416,-1.2162539884507133,-0.4952476900162077,-0.2976121490362704,-1.6463146922014937,-0.5787375596733915,-0.2718655162954411,-0.7723362749379792,-0.45530152963346193,-1.6430446828851597,-1.2260148610292827,-0.619462570163825,-1.7002119612459028,-0.9880654793162105,-0.8597212796437548,-1.1467764158343288,-1.711117726588677,-0.9856285771462101,-1.628095036207859,-1.2853954874602476,-1.2735405156475412,-1.9247226650798588,-2.0272266699389396,-1.6619562658333669,-0.9141213519982507,-1.039909400806991,-1.7733154326954983,-1.8256664534195384,-1.5122869412784237,-1.7511846088455858,-2.0098427348951757,-1.3680109082244352,-1.8821585021594878,-1.8883609105951962,-1.868954508124336,-1.9512305394850191,-1.515196954938597,-2.218041551054294,-2.241628760232784,-2.378246055754878,-2.434879786889531,-1.9284108901234926,-2.5000302129173777,-1.8120263921748698,-2.4315068516995,-1.7093991538185014,-2.345150965894403,-2.136595457949154,-2.118586999669141
3.8013450091051855,3.6401905425571375,3.8042652555117886,3.6778228461589,3.739679434865076,3.6187747606112017,3.818771357659571,3.5848172858519574,3.5932456331859264,3.5500826181697382,3.644793666177657,3.669424570167484,3.773774424063725,3.6984709394241735,3.602249274318053,3.5908782610196193,3.3731150829262706,3.644781474453822,3.3362235689319553,3.810406750956778,3.720532398716582,3.581679160713226,3.785977963465302,3.4004601091812123,3.717992917345181,3.721466576712821,3.40347404317556,3.690320062170904,3.7632123411442917,3.7144418565324093,3.5750276201138984,3.7412099915108685,3.671984701462714,3.6653465653128796,3.588807425672327,3.6537117331240294,3.7992473665954876,3.4514470700216764,3.561042656738546,3.3213813938698014,3.702858817246299,3.6966673929546703,3.469156965100444,3.8330981841137133,3.417533437863546,3.4847874603685547,3.719458339169174,3.7026483960768743,3.750646716550108,3.671780916691418,3.5616437990163625,3.6967395661475733,3.575344909599372,3.4470173464441736,3.682092062256121,3.5200654097498054,3.753792897802115,3.570740588229639,3.702793722575257,3.6349704491313792,3.6481854868603003,3.764416518687728,3.618904301912705,3.5797265131047418,3.723885211231954,3.6896273752623703,3.737024895005664,3.5753588891573616,3.3326320634446702,3.5784494101704354,3.424997812039323,3.617552514339346,3.4730348004463796,3.5570605797650225,3.662449064615344,3.6655153519643537,3.5191817262334375,3.641481979367585,3.5317778218012457,3.726049545317502,3.5661083329241494,3.638965179896661,3.4252562804819267,3.613821756574519,3.638832882790063,3.4651876482077384,3.8331559102308956,3.5975940076080457,3.6967497125985664,3.60060597277086,3.606983887326316,3.2844316568708454,3.5091004690112504,3.2276030297984297,3.6242372427770375,3.594932389929853,3.6293380079356856,3.6746867023304643,3.9140154047121385,3.3170260031045036,3.7030145264013345
3.936147086508842,3.875321485867519,3.6389404974586395,3.799793230225835,3.7159683045427014,3.6139216122337894,3.2855454153100965,3.63980416355379,3.409664187638697,3.5818535491888834,3.5825515922289197,3.7032981937946143,3.5940341126924045,3.5083815930836755,3.3015324141178626,3.7381912427870017,3.5278635825118823,3.7298911640784027,2.70649363900566,1.9555670054426848,2.833991605373887,2.4198482611040903,2.9380056206487426,2.4149812293893778,1.7300549346428813,1.7275987455897415,2.6436274964298176,2.329942937018047,1.9146263684163678,1.51784248121543,1.097811312298858,2.1774719584219966,1.5484916796342718,1.6164062470575624,0.9637953637222809,0.7644042866479381,1.0631862044308251,0.8275713036357537,1.7109224137768049,0.9378168369481639,1.5692809491760489,0.5788207283122793,-0.07464403299761901,1.4639861573261364,1.4140494298985624,1.3426774228120006,0.6525100908340669,0.02768300177304983,1.1024271625229787,0.6501043789252963,0.8866344760749287,0.14445026194260002,0.6363842390044319,0.7727011096629255,0.26612278944789125,0.7937505429291809,0.30575776132618593,0.2749944825325441,-0.054185608233986216,-0.25617183292193957,0.12781056981665628,-0.5894523352134238,-0.219399747029267,0.09167824966336369,0.6983444988039098,-0.1573985877121986,-0.4197183746773465,0.3395145249393483,-0.03889833250822061,0.3540695359355528,-0.29217213783489804,0.3909537154710261,-0.30101566955401093,-0.9679395565366251,-1.1431057642961102,0.04837979852889962,-0.7024029227532465,-0.15858036601763192,-1.1050645847588934,-1.2380591496810833,-1.1214599105337948,-0.052893953882711564,-0.8467925866052513,-0.6539429524613904,-0.8742681154073972,-0.7971008174879106,-1.3925406219588208,-1.296783887478468,-1.132835192260675,-1.0360722420464885,-1.2432153819291383,-0.18208752106028303,-1.0113691875666087,-0.7215745012013244,-1.684879435797848,-1.7573905545657773,-0.6929583747668628,-1.3712028024239897,-0.36777795732161334,-0.9042875006413249,-1.6318198457788409
1.9473648337197274,1.985522080403368,1.8678477230898372,1.59405071329763,2.036733558918052,2.1273083213022472,1.7774187043062675,1.9681730891394036,2.004808608573952,1.8197708542790583,2.160406186642434,1.858482466908737,2.1849290194538256,1.8826220784886338,1.9203936437555775,1.2137369151413626,2.0481078337340968,1.9708378762629417,1.8596913392174885,1.8366766691115153,1.7778393587568901,1.7312981203535571,1.5016372071520845,1.7256075153079378,1.8616734651402567,1.4688117912231986,1.6710999096610237,1.7758370396958743,1.0244354125983683,1.7831787750522183,1.548407764795674,0.8589541079364249,1.292281712378224,1.5764267418511384,1.4043651440627318,1.0609628564505034,0.9756705451739007,1.3318453895974853,0.8835174454409671,0.8662603837373624,0.4958138907324958,1.1267044118367187,0.47388034358171627,0.4634909244204941,0.8364159929172672,0.38364006100312853,0.1959763261471119,0.0721951402378549,0.7212172009234346,0.103669930963318,0.47944923069488077,0.5942248552281342,0.3178636537538564,0.7714178662857796,0.1993140235241846,-0.12523907386987165,0.4103114025612751,0.1489485601773355,0.3026352579204916,-0.3512476698972442,-0.3566910267214194,-0.3749432287255736,0.02954162078689837,0.1221974777158934,-0.07047086148119774,-0.2034616629112227,-0.5984827681123148,0.004351126796165339,0.2027028099192547,0.48971274881110993,0.049288636953462195,-0.6896671616964278,-0.4312796015954756,-0.6448395232036823,-0.15755011982474798,-0.4911618159963007,-0.2674431070498695,-0.5620101056849203,-0.2036441960768247,0.24008668233743524,-0.9106501886454126,-0.8126019474355903,-1.0964396062904216,-0.400335574029417,-0.10423191280647348,-0.1785999105764029,-0.1314895850632194,-1.0033630284269757,-0.5254351363822813,-0.8709443252338547,-0.45465127675393635,-0.7722820708431435,-0.21747718661416382,-0.2138795011010819,-1.071324658678705,-1.3041350691866453,-0.33936325211342755,-1.1503648794967711,-0.5978538437246756,-1.6312734707171348,-1.0532496861479812
1.1719970785771832,0.6773812207960415,0.8926022873075583,0.7932822567592961,0.9088463419949937,0.924381380433231,1.1755212105688981,0.7607344693751283,0.8169571663633812,1.0832965228357985,1.0485113843165887,0.9051974519448507,0.8074352801004814,0.7114752199024927,0.9323674543137308,1.046049872440217,0.7574542156781874,1.1047130371877962,0.5559799618779016,0.7081414066944234,0.4726079601759512,-0.054802155741023206,0.2992081518816452,0.5161771731627756,0.4260043975724592,-0.13466751493646978,-0.4765541552725461,-0.6764417992196163,-0.6979045107914583,-0.4226393518851612,-0.3840989120728526,-0.0955666573312115,-0.13777450736633146,-0.2117452376399207,-0.9528832198107784,-0.5230423705915559,-1.2669028316097437,-0.8419768917379127,-1.390391756450783,-1.5508125253400342,-1.0575372737566564,-0.7486466864030277,-1.4138843953769813,-0.95702354858095,-0.5669673771345227,-1.4539254534938788,-1.317862403691377,-1.6727381114159305,-1.128000088853053,-1.1907269839911239,-1.15998799844665,-1.5355189933037119,-1.2725330777151571,-1.7276743033627184,-1.4350371167275124,-2.2059393696859253,-1.4209838647158888,-1.2247290269143205,-1.4310700181970875,-1.8505084887053087,-1.4376578049649558,-2.3084994137264365,-1.9460058661898678,-1.9713128174563783,-1.7270308854146705,-2.015602778144409,-2.575854767929889,-2.169732214876107,-1.9910478021217504,-1.7585097013652158,-1.9534437582562836,-2.259999790551512,-2.044703453968518,-2.4016207578340767,-2.30866661471652,-1.5605977507968323,-2.144719344387995,-2.991139349034272,-2.4945520859466956,-2.7824314595259363,-2.5713160406263382,-2.9329573345495428,-2.7311186663993023,-2.1627104611080785,-2.0198532171755508,-2.421344918244473,-2.5473683627397437,-2.5401262705875114,-3.106216302367528,-2.8422227901609665,-1.9181715260003598,-3.104528912294726,-3.071521788198731,-2.7069456535537855,-2.39491364841105,-2.6784389206992536,-3.093492454207392,-2.1965875608566563,-3.1041360915138716,-3.249117542900313,-2.461924334226741
2.154311203731605,2.228487682729476,2.228387348226704,2.234479429377447,2.160875208088667,2.169218424009448,2.148029062269382,2.2854454807772075,2.253406542184525,2.1125357914146567,2.260739699208039,1.8433404354007816,2.2416510933471976,2.2447756501497427,2.090150632776669,2.15716250503597,1.8325092996682049,2.1483553655761822,1.5469857931667201,1.9498291818057147,1.7995406843293118,1.8010881143175324,1.925079820896224,1.9036285532059853,1.7106209055896873,1.3749636565919348,1.2575004988933163,1.5362843088706146,1.431023093861822,0.9199672014692268,0.7559664476479977,0.8655465928835877,1.1302984230960202,0.9963171793712045,1.3995758860582086,1.029882949615561,0.3524687216485658,0.5240976120895118,0.3492710200430542,0.9723694264144234,-0.2272593893294763,0.38961573251181925,0.24945080911736373,0.4199198709455949,0.7711728853498521,0.49622383754794885,0.7393862595540162,0.5750329428805401,-0.043518369253647826,0.5049403114115609,0.088801658520552,0.521189534155817,0.04257571207118982,-0.24263374117157177,-0.11109456398400752,-0.3122126456074499,0.13541773884565167,-0.5998412535154811,-0.3192334021584893,-0.18791055426751324,0.43871631575341397,-0.5570948014627497,-0.5473219993623868,-0.9473804890365125,-0.4612975590239268,-0.6952521026118816,-0.30214173023215984,-0.0754072973216049,-0.08006579805607306,-0.943988857423002,-0.3157612736200557,-0.16710113546401395,-0.5866163214782718,-0.535771060491915,-0.8897519918440446,-0.17143090966117036,-0.5802236444902968,-0.806533688859095,-1.053505334585486,-0.7431581180530644,-0.275886666121969,-0.7120115990157077,-0.5510488910210567,-0.7394628617652703,-0.49221132864358363,-0.4408097972153655,-0.3771806556174706,-0.8243911428401427,-0.8944811969659128,-0.7310137351204995,-1.4370885652020888,-1.1974753376912588,-0.6597104058113041,-0.3388454561009846,-1.307184777209983,-0.6064056560186861,-0.8356512808995396,-0.8780708506133887,-0.9024770220854714,-0.56813105831018,-1.3479843442908663
4.867423226291896,4.95819587609646,4.954782020034575,4.935626326069274,4.911526770032536,5.058142234748687,5.03016211229309,4.733570635022848,4.837989070108005,4.6495394697409385,4.6862293224504,4.739318712297318,4.928019123941029,4.967015675970317,4.908889116540473,4.938130025086222,4.949795494092158,4.743476419863255,3.3256975381571445,3.4041684338881666,3.4513999951991057,2.790639658323313,3.0185377346904643,3.4037947555206953,3.235747736723117,2.071532020465039,2.7650271383818925,2.9899266662727584,1.876180822468143,2.9571125704405494,2.137985057282907,2.6414181952222036,1.7759150059217124,2.0995094802121317,2.511658918189264,1.70582038970079,1.755564405033101,1.789984977210219,1.4757350115810786,1.5392435676342817,1.5064859422914472,0.9744463693426306,1.7236747363128595,0.7248113069987943,2.0215976934339137,1.97063235511654,0.7996388932272129,1.696647506322547,1.113408288693435,1.1755636129022724,1.7666140085792685,1.4276440898825102,1.0997326464254567,0.8277163728536365,0.8636427122302779,1.7301043795163018,1.0889012701238183,1.2735999123192414,1.2722781897123525,0.47844820489096396,0.8774700891087175,0.8620914127481711,1.3063495029175067,0.24031777478666871,0.48585983164722535,0.8525228991210296,0.05934885901592146,0.3862161417771661,1.1213536710248881,0.12007514228369409,1.1372565760907731,-0.030268783236822472,0.7204594507597806,0.962534224831912,-0.03620682483230908,0.5851343506761753,0.7492810473340388,-0.29091660174557266,0.8121725757961471,-0.21393377195612917,-0.6901282705234637,-0.0866150829068193,-0.5126107231297894,-0.42023310037720485,-0.2717095804471974,0.3547324894981658,-0.6653761887449257,-0.445523181940759,0.2291771852086244,-0.5501611758120806,-0.9059609705332434,0.2003745247940305,-0.5594160920975799,-0.6480689603825773,0.03429602832649703,-0.3276297502130303,-0.8652365274486797,0.2314389156712915,-1.0624992983947852,-0.8845207548716276,0.3255523156226108
1.928704262368644,2.0361217114550954,1.9974764005336292,1.7994592263857747,1.967394307513044,1.7651379601321704,1.9284641981149608,1.7497369840546426,1.8992148854095543,1.83093810681663,1.7903722954899397,2.0180168807967744,1.925886293301776,2.057908998696915,1.841383927293263,1.6602333808187453,1.8488461072849862,2.0720266245738417,0.3103808677200206,0.282204493644862,0.7167863409099482,0.5310493104811291,-0.13951241249437807,0.7014527564601893,0.11223561807886728,0.21252883356699392,-0.3812786817782614,0.21822713300949204,-0.41423633567225604,-0.5172642789562429,-0.443899965347887,-0.05967016315921825,-0.6815508368386691,-0.5169224313515945,-0.5075532425138993,-0.7331322259240212,-0.22283474735327768,-1.5429357596510505,-0.26427887981864107,-1.4479800076432268,-1.4248577552107617,-0.29467258230114535,-1.5527724832373178,-1.2332967728211708,-0.8870827592383979,-0.39939811741252385,-1.492074486796355,-1.1211864042724562,-1.2956141726954167,-0.9619786520057314,-1.9783964246925443,-2.1668115807235457,-2.051366878942278,-2.189358687722235,-2.0211832252331616,-1.391548909910564,-1.7722057359632188,-2.0112072936917027,-1.5321119343561698,-2.3541680868743926,-1.650518008294588,-2.647685105157131,-2.0934223622752626,-2.519339670264661,-1.8839983678827181,-2.5782814721552167,-1.850337215371873,-2.744517354688452,-1.9462038204143273,-2.470220501589199,-2.112152279460445,-2.1960783757901607,-1.6979061867256515,-3.207606302400608,-2.107099398480748,-1.6398566621281399,-2.6189279822505984,-1.8896430856869078,-3.3315044701019323,-2.3067845105971525,-2.032719585677012,-2.5760931036819343,-2.9409706169542575,-2.0328926882676353,-2.2954268522576804,-3.2682700192026717,-3.544633648446249,-2.3692157492723727,-3.3978785749733964,-2.9210781298036865,-3.1458472922773497,-3.5825894058080774,-3.3539034995679744,-3.326172993555838,-3.2577566967081824,-2.234342094996192,-3.3530572047119973,-3.203735060075548,-3.7524732462327997,-3.1867973259874116,-3.273486489844406
2.2686112707600214,2.4590016900854073,2.2929139164176275,2.181140906703372,2.3600369650643023,2.2537127211407535,2.28797179694819,2.1542171852751473,2.3385153076712113,2.2506612316476504,2.2111709120400516,2.1553972975651874,2.0002297784704046,2.3105158373785386,2.0340358528965004,2.120156205678027,1.9677078480280379,2.2363125254601277,1.608872621616217,0.9220355389854609,1.862808612282488,1.3799541109756124,0.5504564393400644,0.9918011020842652,1.24617498872015,0.29897173121375165,1.252087435218324,0.22372773554522674,0.9511663452413766,-0.11398074443740924,0.42378401976402635,-0.29138898653812983,0.5447654030818514,0.5034908407708532,-0.5164052957287835,-0.63450698933128,-0.26456354178252717,-0.23501175742503744,0.01684962801465062,-0.004985475150161456,-0.03795025119583251,-0.631160438629129,0.07625447928067253,-0.2612499476498922,-0.6748616131327667,0.11631933967782615,-0.8767436962680701,-1.15117679844281,-1.1631495260740268,-0.3741911349417988,-0.9954145849641414,-0.6597669990972559,-0.1751076232390334,-1.2684532696704878,-0.5318486776251072,-0.8654976912267829,-1.1851920455333698,-0.6614165053327774,-1.2159049303489526,-1.1384384088013526,-0.9385459017250151,-1.2215222051243524,-1.371066841716159,-1.1556258938743076,-1.425276196387042,-1.008415023983229,-1.9636844500549948,-1.1022563991267642,-1.7390226524114922,-0.9602450176949286,-1.4746123391182593,-1.5492720243023337,-2.1938031405231113,-2.0162301414012465,-1.4463412999442697,-2.3366971600422035,-1.8827920136265917,-1.4595572997656632,-2.2792002048353837,-2.3210422404326057,-2.6018125824709566,-1.7398614125721474,-1.9841307054018174,-1.9210010634970622,-2.059119069301472,-2.4300262919173434,-1.3831305028535628,-1.646449403556728,-2.6214719302480427,-2.05364951317846,-1.6286217382417876,-1.99474189847664,-2.2048378395062134,-2.55830388111863,-2.0183626935446854,-2.6903895602797467,-1.9360229073153405,-2.5666344289592358,-1.54991708263152,-2.0807415141395538,-2.5873826706485783
3.253680439611766,3.6495268335767053,3.5255098632038546,3.605949119974726,3.6429431977581546,3.599743201228006,3.610750881120424,3.386724753903919,3.6281325529133834,3.5462149001756265,3.4683546020927443,3.2567760052696366,3.455319802538023,3.636705069592793,3.4768933312629544,3.6620965299474015,3.600905189856425,3.686536776232792,3.1990547639615503,2.9488473646146325,2.48133485367254,3.0435637431515277,2.884705211041476,1.7782506643815212,2.237710951510972,2.281701298958038,1.9325296601079422,1.6371386287385024,1.653185253142416,1.833022628984624,2.003079748420899,1.4718340207703164,1.0620820955266144,0.9245237034476528,1.9191635487005012,1.3521054585800911,0.9206628220814945,1.715998764136522,0.8529365139347957,1.262158909727976,1.109909807029764,1.4383873738936455,0.46731076275992045,0.06032905736953875,0.9905114091383735,0.22743317888073378,-0.017018863934048944,0.9837637945254825,0.4404231717265539,0.6279730687493723,-0.13777816237411766,1.0887467310300396,0.08492640503991389,0.014645977460519433,0.6301030654128095,-0.09541334138234969,0.12014934476355155,0.5422504518638407,-0.24986277837060022,0.630594066377733,-0.09835897225601542,-0.09889519163488991,-0.20096006427869195,-0.48416745501551084,-0.3119855356599146,-0.303137676242593,-0.8253317353836787,-0.1176364725016068,-0.17956708646788844,-0.004040588084538221,-0.44553586524455646,-0.6273938279239806,-0.4882688765055949,-0.14132259392229596,0.26744196623817995,-0.5920218325048774,-0.8654558997902315,0.30572904032973547,-0.7614678781011781,-0.5860156307904969,-0.09847767443148303,-0.8921548987416461,-0.952615886243918,-1.1723949248286027,-0.7663001181810642,-0.41240361668618775,-1.334342596232153,-1.744291704270453,-1.2304029326679444,-1.4012547773732322,-1.5051939320545893,-1.3058616635190567,-0.8884415026420722,-0.6632733828132649,-1.3067046163916363,-1.1562918399847986,-1.558008157498029,-1.4073216480577777,-1.4067701786082507,-1.2607298247324907,-1.6990165628415417
4.21386900379511,3.766197886571428,4.215110922862849,4.209863418654064,4.005863852753418,4.205708364829464,4.134041426516876,3.9964627619644215,4.236535802104878,4.0942339264283465,4.183536514784781,3.991866343795489,3.9881673706585827,4.139027699927586,4.081019625949372,4.037962199648832,3.975146583694115,4.140211176115726,3.8855511402356884,3.888070397879515,3.8532637463815025,3.81931910391417,3.938512633154305,3.7246605248422657,3.8057270503030134,3.698032923366865,3.5337347126076697,3.6646542836417417,3.0070614483443645,3.822110644307667,3.7075259067587325,3.3364426510283858,3.1390617886977044,3.715333525423971,3.4733865495781,2.802379464765923,3.667748996639963,2.8640310510193077,2.9563196197920707,3.2642532042591377,3.372355327453132,3.053378138167856,2.9280460365131145,2.835315339554506,2.7209627049888185,2.7465977664298604,2.3025835777424,2.1023900701345593,2.2791626391897593,2.9857867265363804,2.943407053033269,2.5466751735936235,2.4099401665055646,1.9342302548879609,2.628613926541231,2.1716872626156674,2.432725652721822,1.7831650387237357,1.3568481765327398,1.438615615663112,2.8056297617413932,1.4865099277496254,1.6044284907386794,1.5138493064967822,1.5059918085444846,2.046546457477171,1.6461318546909762,1.2902594043023168,1.8272284937925063,1.393511230572277,1.807331409013262,1.9530790443462998,1.4565777762580323,1.902825406882159,1.8665264645828428,1.1946396138529138,1.2611647758594513,1.45926497802931,1.9620019209421748,1.7716936650174713,1.275381921529826,1.7083364442426934,1.02949968303506,1.0538935126724045,0.8523916373492364,0.6118661132439343,0.7828026063114226,0.747987038244724,1.0115750616717163,0.8717474677850099,1.470097903189635,1.2865127840532269,0.9772460424545777,1.0833034906797376,0.6226601273128987,1.5843926678126463,0.6738322388235112,1.653290502457451,0.7939678170126614,1.4536378397398808,0.8823776460913333
2.2211789380126774,2.002145353901483,2.3310071425765218,2.1729584843302217,2.317333323124914,2.0637887309634326,2.180338911580632,2.226186572353499,2.0764302366704346,2.4064088969683706,2.343541909593778,2.058461780648197,2.352191523347817,2.2789310483323,2.328229655229797,2.2371658667528873,2.380742689132023,2.1986519987639666,2.1996552321621277,2.2808001663150765,1.7748428760567467,2.2420263154272027,2.1561760703483044,2.10924161928053,2.2264020997967693,2.016043581215154,2.1890094021793702,1.9486095441808917,2.1744790367147493,2.345413311897575,2.0759933011615574,2.2919301954865112,2.082358144382047,2.138986094105916,1.9605876090032615,2.0648448484746904,1.956259808207803,2.1199574680621156,2.1281478027716245,2.0470450347040545,2.103599053792487,2.1492350928743313,2.0575128082519507,1.8689734785647918,2.1047258516985634,2.1082149072669525,1.5994955091945826,1.8412590988824515,2.128553610580423,1.941532772642974,1.8341039604565257,1.9544835036067187,1.8724196541240374,2.072640051685637,1.738069018166005,1.9752090620896583,1.7072138917043436,1.9587873515069116,1.7841575119539748,1.9310403477588824,1.841423985225088,1.9847221071753696,2.0388665918256272,1.5284702593219865,1.9159257063112474,2.0533699074592358,1.8806599830587398,1.7486537375466247,1.8339872009929765,1.7101834390981079,1.5181726507530646,1.3855199669329288,1.805886013065285,1.9522108031141592,1.3849500818649814,1.7288149911975692,1.8199943371489606,2.11125884288915,1.6035827353681675,1.8724775889662615,1.9072175577129329,2.019747229193338,1.761672844064882,1.371296537055855,1.7543202672251903,1.260190991678141,1.5757663670798525,1.5858593589426384,1.8362993081138956,0.8818809984071381,1.8029817374692696,1.050408045012218,1.7104656389910966,1.5447728458976027,1.8839159524969729,0.8492484550403514,0.690677745574015,1.9039371881743605,0.9126279079113608,1.1612793336911693,1.1042220322418466
1.8879853497056631,1.85662285042135,1.7079130139185859,1.6507755673617446,2.0421560918873816,2.0560523237294666,1.642044732030704,2.062600635233183,1.8831723575620716,2.016411856476007,2.025688961151677,1.8036679434775458,1.9635888679951554,1.9213660016297718,1.7115747959140784,2.023386565174488,1.9528527556448507,1.7600999870551703,1.3013593583769563,0.3216580439929446,0.13968640910131835,0.7380518847654924,0.2601577819432306,0.3884890056208228,0.12376921144941555,0.0914222268270013,0.6840983480776872,-0.37499049406051466,-0.34364050337413854,-0.6908927960637365,-0.5992419129780284,0.0800570907811391,-0.9768228816253126,-1.0906340142992628,-0.7093410621401723,0.10615516401960523,-0.6358083038530511,-0.41253777350760146,-0.8818929731706913,-0.09614168133888779,-0.9255490790105716,-1.2635766788007468,-1.102494952859467,-1.1754344225481468,-0.6596584021338501,-1.0649235295091675,-0.8345307949652572,-1.2676834925070013,-1.5884402434822649,-1.2783561442449756,-1.7879125164934795,-1.8377624313315364,-1.7207543478936884,-2.1540220065699547,-0.9666984935688463,-1.4000007078786973,-1.0436586005879853,-1.0677235542654877,-1.839042940636566,-1.808079569939359,-1.423690651289104,-1.2395376605277546,-2.1507947368658753,-2.1547072669567386,-1.7236152174112158,-1.4099888233143325,-1.4187249249826301,-1.488224159451259,-2.7349914961373516,-2.42960906537978,-2.3381671068829055,-2.078951213789085,-1.482008867260534,-2.029726760902027,-2.596162085994206,-1.8848878313133488,-2.2884578242963167,-2.399743662888305,-2.0701116534477384,-2.4347041219198937,-2.7679237779447377,-3.1009068739054797,-2.549660715726195,-2.3020072514285586,-2.902063646453681,-2.346265760900983,-2.0564752323587285,-2.565366812941443,-2.6272936901547315,-2.5384705303900885,-2.64189705420048,-2.4701851404815693,-1.9569380768849403,-3.37705660275169,-2.545736471187764,-2.8764050590803976,-2.578446971807792,-2.426373046762609,-3.1653045161660405,-2.6487940906214504,-2.7367335037286793
3.6463979114763347,3.4689429466192507,3.525940398249582,3.8854981928705596,3.6033732646237793,3.4145919430139218,3.7183023450728854,3.744144670269752,3.6422357052775007,3.5472029649096317,3.7066532504390857,3.5464581175435725,3.5331399445618485,3.6632098764321954,3.7225268277280854,3.746830432280503,3.4947005282264128,3.5258307965077744,3.298178742602942,3.6321463624239847,3.5552319178496257,3.5267058895733694,3.809928815106341,3.5762243152182096,3.3892491254104025,3.6453522477280487,3.744611835589387,3.5574461495712963,3.66798402811438,3.57646685339763,3.714367181231407,3.8469661432521196,3.7400039293344465,3.6695972907506595,3.661661555787682,3.689112946755607,3.6342094513421435,3.233296449950598,3.731245335064566,3.470600816697532,3.7965575734317856,3.687494418604757,3.619780436617088,3.7008726297672094,3.4851855247646597,3.5979584392571455,3.7480807487219616,3.7433423446465177,3.5993823181721982,3.6474650090142795,3.638701520837526,3.5353431567988194,3.4070300278283616,3.501155000899134,3.7089140987300437,3.558487794367741,3.591492246592054,3.6368162499080947,3.631353507462668,3.681588172089441,3.6821737438927142,3.440441379263236,3.58496864965446,3.6442835381314636,3.578111026367809,3.6646973763843462,3.5697274881470937,3.534656013585619,3.453829319727306,3.5787283651710586,3.6680712565520777,3.6536935368055827,3.5400767150836066,3.7191840512615197,3.638428207808442,3.4946488664727537,3.732747046309874,3.7280123867063804,3.6045346704919075,3.395879825277876,3.7488180573829224,3.585452364988255,3.4364970687671654,3.644485365668962,3.5306868760039354,3.600823701348534,3.3184862290626898,3.762364709111302,3.5529642086232665,3.737331556763163,3.374232728792829,3.5004636469731123,3.5376635953376923,3.595396850370248,3.6411786079282926,3.6280225252380998,3.540598573179077,3.559149517321594,3.5488711553355694,3.7229832248994326,3.6262884370894826
3.8220735762097497,3.825800967325149,3.8827710638506856,3.996303615100575,3.9531587360973077,3.6087980769428603,3.9419923240872663,3.9494568439121887,3.7211698963026443,3.9373662057783925,3.865804975636075,3.8120921797315175,3.8717033975921504,3.9092830758017385,3.9052431017831095,3.9587459751110945,3.9589082990302735,3.9202977565858568,1.5262098978979042,2.3707908538115907,1.1982531990147516,2.1647796552480436,1.9526322675003707,1.4532644238600207,1.384467094103031,0.5276336990026822,1.131107978598057,1.071706232195182,1.3157767794792559,0.7091675401504212,0.2703066893107575,0.6769122359357063,0.2785765628918666,-0.051897949563367796,0.00554007815794666,0.030816947384092686,0.5850347038156203,0.20768068361444314,0.5044129513857021,-0.3198039284577998,-0.4614399933349258,-0.14929403594441393,0.12934293172284672,-0.6527054554864469,-0.07333184233624834,0.05116438234481446,-1.0765881295452235,-0.6122501382769565,-0.2624910913557432,-1.1981153545418408,-0.8278972342134621,-0.8157508523771542,0.007943743600040243,-0.7010657763128743,-0.4281127803534286,-0.2443453289620665,-1.0064648355791102,-0.23959929542200964,-1.02698928378189,-1.5412137357022102,-1.01267196444984,-0.9386945495869528,-1.536901700853777,-0.7485882279173097,-1.3911112542019044,-1.7876907692389352,-0.9835105621520768,-1.6153233824576265,-0.5816287606433281,-1.9794353658292172,-1.6615377662979762,-1.4865323715785195,-1.5871370736716308,-2.0197199749457377,-1.1112213771208488,-1.5674620057890767,-2.139803643230488,-2.305533644984208,-2.261787178323413,-2.0313281294859653,-1.533907155371792,-1.8678624418461558,-1.3789105069190537,-1.1869164566924058,-1.7602698133808508,-2.117360477900653,-2.3155460570271673,-1.5941926442644307,-2.501588104126103,-2.42831150864681,-2.540925235489941,-1.9636530015066,-1.9957706679062266,-2.3145927914829603,-1.7631211013564494,-3.041932551702837,-2.273253921942789,-2.485915169939828,-2.761567640495632,-1.7271498375586658,-1.8165628384180792
3.620842584117952,3.682947701609975,3.6913992835823954,3.7211711383249755,3.801448410848338,3.7215503826353693,3.642381478618362,3.810515204440165,3.738471183635947,3.807951635045452,3.7397596020032307,3.823181854788972,3.760121896419651,3.6957962403638227,3.733917175851099,3.726108868553668,3.9141903937363143,3.87090294426665,2.509100618893629,2.8753013874972426,2.461177411247359,1.8849761968288865,1.5830644303167025,1.6965637129050286,1.7792378356577716,1.5984718789300372,1.8104061234484519,1.7412813158979459,0.6749247834167926,2.1332956513905845,0.8762006627546333,1.4742206857192457,1.2064154295826475,1.1763315727782064,0.7804677076829716,0.5369164961531068,0.5027400307774661,0.5557467459773475,0.8069912081544821,0.8075825584950094,0.34494515845870577,0.20147446290100657,0.7703630432529271,0.7219336462120438,0.43877812660660886,0.6331774236761056,0.480953565228309,-0.02467441191937869,0.5350740590041099,-0.034623061381010345,0.43112668354223604,0.741873707668824,-0.11009719267487483,0.44894638427818645,0.09765432365618665,0.010969963626699553,0.6980177794751548,0.07145854972050092,-0.5338137879898772,-0.6182171093603053,-0.6295847489490543,0.028468729727093134,-0.9387638631434037,0.3453046200979619,-0.8663364294385785,-1.094246013968414,-0.2873427758989351,0.01034818852309094,-1.0053806817985649,-0.7753972489534551,0.14592951605630322,-0.7993240068062439,-0.021293739582092464,-1.2208985951318008,-1.3371968278804989,-1.0354360507524234,-0.00728625403306804,-0.8850566768991435,-0.558034894741497,-1.3478304760608948,-0.6677200923292448,-0.3428713128305736,-1.5166601086453682,-0.8127774751249381,-1.504222460246754,-0.5151240904659904,-1.6201130121408855,-0.31915533385944883,-1.4830696648906994,-1.7486665238185424,-1.083745600054998,-1.9333635753577507,-0.5196986458327197,-1.6338484733597038,-1.2380016564151672,-0.7801326293473698,-0.89760876948296,-1.944321434313121,-1.7945731679055381,-1.2443876815326362,-2.0611254076468493
2.2713437132275462,2.267411933590222,2.1002009263219534,2.279521453756044,2.270167560918468,2.2316452564110065,1.9948286818190182,2.2488157176425405,2.2417840921120673,2.2166462520299257,2.3362731731591406,2.1456540830841773,2.3441223380226432,2.1529476828847764,2.177420966015169,2.3506130557820457,2.183097587825798,2.409760450772331,1.4903278728575078,1.354240958643949,0.6281227575885291,0.4791481882098303,0.9563701669792719,0.39179520273950974,0.5545971750291665,0.4802077439404995,0.6734850344058003,0.6079017512473204,-0.01997225898508237,-0.1989693164968438,0.48445056075603077,0.23685631479660962,0.21887641679666459,-0.3096067184686113,-0.4484139842138477,0.03643691349440292,-0.6282213823116694,-0.019771260864803963,0.02219005541650443,-0.10032849897762652,-0.2641148945404863,-0.8873282959324396,-0.18201950713127424,-0.9420187978913521,-0.6101426000691204,-0.9547291968066443,-0.7209890732785729,-0.8602485153141997,-0.8886785776429571,-1.3397263350814015,-0.6267500199699869,-0.8271457178125923,-0.6596456814594891,-1.1380294301428737,-1.4508777020255819,-1.2351745154515337,-0.42904746957171547,-0.9009622794803898,-1.0923106003870702,-1.350955848690754,-1.147307635215654,-1.6374679593641934,-1.8779115448312647,-1.7938565297235325,-1.8003913974548382,-0.8883902915352211,-1.670976163666122,-2.009074031697721,-2.092382517596654,-2.1410355467918514,-1.412612159620127,-1.3223467332237293,-1.6532454796324325,-1.6269664039461418,-1.953813120113474,-2.114472723229925,-2.0022578512803353,-1.5697200271498177,-1.4425492528703892,-1.447862407290267,-2.1052263850780664,-1.7676472194285235,-1.871408672235952,-2.250245437272752,-2.1743447145789316,-2.2656861564650264,-2.39110194587304,-2.319858895719169,-1.8425355292914931,-1.3311132916177728,-2.006194604633965,-2.4797541855172174,-1.4711546946431842,-2.316063570945837,-1.9146865391043342,-2.329957217303817,-2.7126139485302883,-1.8443874103479567,-2.3425328128506555,-2.4996806124319577,-2.925570342898964
2.724920085017284,2.587905134818884,2.751575757506827,2.6455211513106835,2.8616359905022657,2.587654608151224,2.6766670695462444,2.4219430864227327,2.789936668518986,2.704941372082681,2.543000499321229,2.914158956003739,2.8225493073607275,2.636013779313698,2.6319629170300516,2.6520154008498125,2.302125502849517,2.702058440339327,1.9100260053141316,2.580408728983218,2.3199384106260013,2.482412066820883,2.5420522483979697,2.3867525617640677,2.4569405022144384,2.6057610737823653,2.6120585100643483,2.4803201064329734,2.373966762465111,2.409309570286503,2.497697167490168,2.4934998534455453,2.238638935223948,2.395240660944369,2.028373562606241,2.0979163260937934,2.4174831974513715,2.3353578974319635,1.7282124232657416,2.2283569144623083,2.377186690768178,1.69143870213394,1.8291040713162854,2.2718075805757145,1.9089175122434812,2.2740584147553236,2.295526709907838,1.9284381854210508,1.6141988200834216,1.4618875419221613,1.7269546485808007,2.1055788441868293,1.0962757272766375,1.4565324916722027,1.1949292317619253,1.1987039838654896,1.5074108125486267,1.1997059573660653,1.235706154539443,1.1295045647054245,1.1356591514595102,1.9230895140761932,0.672564076751831,0.9683924484274549,1.3376102003877222,1.062877184813349,0.9893134870364833,0.7288950629611319,0.5909693016641713,1.17018674948846,0.628952912062994,1.424637264431662,0.1402744346101219,0.21575002128072818,0.5541667709100366,1.0668563203359334,0.8492729438099698,1.4367676953577941,0.16498085304394738,0.6475817189283593,0.029898127585209266,1.048155549048012,0.9368814531136733,0.8035914236697117,0.34315625153128515,0.09017261609196048,0.10173870576388655,0.18826363786468825,0.49468311752145055,0.6905150449659061,0.3731190452737918,0.8393516910306325,-0.3466422420547115,0.6948981704264643,-0.05082712608949436,-0.18226063216255994,-0.3331583741406483,-0.5213398027885487,0.83167416807128,-0.5873252656343508,0.24816201900120483
4.137057918383381,4.142086378010215,4.252350731432943,3.8616032283239683,3.732329778822348,3.9906926774748195,3.9322042832346105,4.107591691327292,4.108843041058043,4.21508298360561,4.013120541685692,4.1551308764041375,3.8540908443108908,3.8177857498385324,4.142578991283367,4.077644336097154,4.183850584128732,4.199172009509369,1.7394880746759727,2.0423372590087503,1.9989711963104266,1.097381398617915,1.1509293872869524,1.9881748320543515,1.3890498613955637,1.0867683757761153,1.0938737562420435,0.9885384591331556,1.4801664313646956,0.5716651732347033,0.9069830588214867,0.9551711657693529,1.2218167482462912,0.5151991785248322,0.34454006056217956,0.14339023315355348,0.9653579849258147,0.24012005170820494,-0.0495999518154866,0.7978433641866296,0.35339388454815346,0.553847683444955,0.24592170623392384,-0.022220707845022503,0.17976426631797793,0.5508032097148936,0.3536730584237846,0.29153868907773717,0.16077066398631423,-0.03956449434755349,-0.7390007128183242,-0.39543205290886974,-0.9311361580079156,0.34817882194077576,-0.027571571361452385,0.3142030694984781,-0.2064799231923269,-0.29643310150361124,-0.29011383496943743,-0.7186594796536871,-0.44387358034680524,-0.8300349294524478,-1.3561729003424143,-0.8107250884692165,-1.0431934562892655,-0.763895766751503,-0.6765847572858625,-0.3108610639761693,-1.8944484456429524,-0.7008834481210107,-1.235983854695168,-0.8914721335363032,-1.5980735651346611,-1.3649758364604558,-0.5977286985052643,-1.1365813070443895,-0.8353280282518538,-1.7163916676339377,-1.4842193580285614,-1.2002002906762281,-1.5005588952261624,-1.4813196922113767,-1.6245141770936304,-0.8821549238192468,-1.3574045185999686,-2.0446562540038022,-1.3916529480643587,-1.8640161077554551,-1.9807426886638875,-1.4277340586338014,-1.1129398693690389,-1.1694698571826616,-1.222044331147773,-2.2316823392582537,-1.6738401367392082,-1.9764991427690757,-2.0693029941978494,-2.3393871406683404,-1.5880481653281433,-1.4666386255016257,-2.0130476047207413
2.588773617823046,2.9388445400013428,2.5617652132590925,2.9250007465936223,2.7071291731571376,2.848923379187405,2.590647109741732,2.8747234772955492,2.91078095282196,2.8067520518357005,2.9655512409515037,2.629147446698079,2.8979239269250483,2.944348565116205,2.6406195503873606,2.7170608173184405,2.8652020305196197,2.524836217896352,1.8035943289305996,1.9649814542901938,1.046680674624282,0.9816310171837079,1.794329363287872,1.7249253134409228,1.0306239464482996,0.3384923008107448,1.3134987694272917,0.10847911163704271,1.3289063993599566,0.1967923556381903,0.5332979334125341,0.8751391571245133,0.15797264209441675,0.32300289075132405,0.032621076185572306,0.7428631947642925,0.1454411799748785,-0.37676472569680364,0.2194277641003035,0.04865829491662588,-0.05370024625169556,0.5825926974113145,0.0011476542037911486,-0.10010393586387156,-0.0046463124264759514,-0.18892681543137346,-0.36401419038047944,-0.9133618039452953,-0.9095155785714999,-0.8068808956441913,-0.269639585424585,-0.6758868517374736,-1.0042021238629966,-1.1797144481891975,-1.1756474742690441,-0.02478974517208865,-1.2198452652215046,-1.0148446101905693,-1.2178091973266962,-1.611340633923799,-1.2304710751908887,-1.5228665617848502,-0.9700344207704781,-1.4742880391279343,-1.1539208950956779,-0.7578889163079916,-1.541396205918236,-1.7551934993044753,-0.8353183399822557,-1.7560751155963574,-1.5772215033280963,-1.374973538957902,-0.8849004698295939,-1.6016889586608007,-1.6250105615104546,-1.5364093282785047,-1.9718123182942415,-1.7540074749432781,-2.1974311476022503,-1.1736745768520027,-1.5012107818420475,-1.4712973315332247,-1.6829071052495834,-1.8243280211538764,-1.5156828172066978,-2.173855321567742,-1.8242319183148563,-0.9751583651125717,-1.4691717863266733,-2.4476465220388697,-2.0263910601945874,-1.5534875884191814,-1.4761892698016545,-2.0134497607796193,-1.6387348091906215,-2.6223441557536704,-2.2186711069262337,-2.7783915236895256,-2.0909278859386697,-1.827022746190246,-1.5598778996404175
4.41337140276245,4.44596645965947,4.444309999223647,4.454726229199325,4.230173865486691,4.329488356411842,4.482760305712408,4.477221572146762,4.334454748715219,4.2824648563139815,4.376976698664777,4.385241328599279,4.3656351154553725,4.306788372608219,4.391314550698526,4.484294546747817,4.23720252754186,4.463365033159526,4.399876841581629,4.262738996300534,4.321929075002342,4.196031910572956,4.109019152421059,4.360473457002769,4.21828664803473,4.108086450906794,4.142094828783162,4.181369303621198,4.220919636103614,4.2403367484150225,4.297071290721772,4.253216050228507,4.221566329538264,3.8937878457973305,4.215362052819511,4.194751275865039,4.201247589138066,4.066092751595931,3.9889277881644105,4.159155860853253,4.13111893779221,4.019868286015597,4.2910968136813965,3.9976070755930264,4.1562821749333,4.303347409720814,4.251270813025432,4.064212898335352,3.918640085660166,4.113406278923731,4.280276909202217,3.696003949878623,4.091025211194794,3.849923730830165,3.997710091682161,4.216949094634079,4.189728081815868,4.234996465070445,4.032657069708515,4.132325083881494,3.559775169622057,3.786761405614575,3.924421046088839,4.305052866343731,4.183106379694968,3.9682828763372324,4.01057935778476,3.8640739069719743,3.333117476780144,3.780098364107995,4.1377396059331435,4.045985726132186,4.077997650204889,3.8142736137228113,4.199717098494135,4.045573085705341,3.9591604487935887,3.9483270983010312,3.765906810563834,3.7250864216757797,3.2821712516175285,4.008688721226602,3.959360971666503,3.8191029594133807,3.987182092838408,3.680810387190185,4.187881924344917,4.05225894669468,4.082449556473893,3.6989205252815918,4.070926491197432,4.103329743134984,2.9541720419444673,3.0750700410567022,2.8055059969605187,4.022628209438217,3.3529037569208624,3.250903415614114,3.265676126125679,3.8370794421356385,3.0121628298802117
2.8279372572863872,2.9780729075427956,3.03341766677525,3.126414528375588,3.058855236888423,3.099683816635653,3.1208089116116273,2.5606019948098293,3.1151470905117877,3.0218384316574696,3.246479985990086,2.883622260119365,2.866666350864511,3.0957683489845254,2.7069493234326796,3.1382605822278675,3.196839851537872,3.0538807270173765,2.105474005854635,2.7486857366489934,2.5938802537024994,1.8996065100936699,1.8413337441155946,2.316963737159461,1.6160480304075477,1.7723883888490723,1.2601187406366723,2.2737344855405315,0.9384344392314716,1.026610015242011,1.7463460759866036,1.7094952702929342,0.8603087657377504,1.3868842403895565,1.1890576882977983,1.058889768886182,0.85951995327446,1.2199697930989242,0.42339882623676495,1.2798250791915553,0.19123130266774524,0.999475654025674,1.080613443924138,0.9343338631234905,0.31602247304992304,0.5836911502518944,0.21305186661888964,-0.10220526044816669,0.0736755148938153,0.3247681560583686,-0.4592950738161141,-0.09291540030910284,-0.18686553364291036,-0.5434149863552333,0.06410932392549018,0.19390794753403284,-0.4483735374764146,0.33392862231693154,-0.7379784016139199,-0.45294141497861595,-0.6644554192173411,-1.015695568419373,-0.4891902592894031,0.15858571215708928,-0.2662517665215267,-0.9837816310122385,-0.7579125675082699,-0.8970164205018181,-0.6669465207503835,0.07344885210272079,-0.03394082014361821,-0.6270822636604665,-1.1030660752283623,-1.183082114092322,-1.192688347339053,-0.5189867480948172,-1.4478561735017283,-0.45551594934201844,-1.0530025155683163,-1.1190219739099314,-1.3726355711784022,-0.669488876122216,-0.9555370236803906,-0.3693476903019821,-1.4120608709587232,-0.5685782107677859,-0.9857803727879286,-1.1163350242013967,-1.641362501433795,-1.1358881861336343,-1.4975538104392898,-0.8483188019367711,-1.7415254500772859,-1.8092754061393581,-1.8766885547964485,-0.9271925942919008,-1.7717201308649484,-1.245506013006489,-1.0190648319113222,-1.8483948215656971,-1.6655198222104017
4.03678913471319,4.291705344062971,4.335025877648542,4.201190607032249,4.223432980604804,4.209504054874392,3.925637264488075,4.276261519974475,4.102712530482498,3.798589116571436,4.156059364559448,4.335326424429071,4.184914459298813,4.286065337905872,3.9981985534177555,4.239094943941537,4.293739845341714,4.235617935731729,2.555227076499226,2.0252423334587766,1.8083354622281371,2.2184628857017517,1.9249166993472535,1.5179574581108968,2.022859171327223,1.1495584453497862,1.5296447595979386,2.1259465464330507,1.8704217776272776,1.7187991993468446,1.3655437262299728,0.7063504147925039,1.1234661993603874,1.03324999760929,0.616450856417794,0.8578487270368935,1.5243690725708978,0.2281748799963701,1.3139978034196638,1.0596503150020276,0.739079811839475,0.2587339131915307,0.14177174938712866,0.9190564619726276,-0.13726412277911404,0.8050935006329683,-0.004686955061415254,-0.11009858916523463,-0.15098427033078554,-0.5423174870988134,-0.5424831033381876,-0.05605070292262582,-0.26637806570517597,0.6622548737545753,0.48653660127786047,-0.4237022167639166,-0.569557461828456,0.36056451404460876,-0.3080489136036535,-0.8437958242185184,-0.8520069869074547,-0.507232931156401,-1.055275521343404,-0.6250176685716688,-1.2518975968521682,-0.5756682350039339,-1.2804158650845094,-1.2145444213137404,-1.333106764821542,-1.1989342651341852,-1.1495577538358006,-1.5068032755175897,-0.7372070350933031,-0.4534906632959652,-1.419954953770307,-1.3383871495235145,-1.4529184414913026,-0.14442894315939103,-1.5042882264445954,-1.9037087543182425,-0.8972715046059019,-0.5113890946268711,-1.7827711956234609,-1.1294372291646155,-0.7240342270490858,-1.301739644898909,-2.1074020362679704,-1.452089838917046,-1.886596930778464,-1.054778810635285,-1.2211132118161494,-2.176556377596742,-1.9790593723474519,-0.8434667167649517,-2.067253027482118,-1.5264077482719483,-1.337300291576378,-1.1506879167998703,-2.3858189179069127,-1.450237736054838,-2.2729095473284158
1.8940725168776469,1.9886358366271404,2.0087379256880116,1.800026504196083,1.7796866258128476,1.6828554678195333,1.764078862490301,1.9965880432864243,1.8931757034260235,1.7791142021407351,2.035865858864992,1.5308471329998365,1.8783639388519076,1.975165397215668,2.1516266990108326,1.801996030067393,1.8093441867082518,1.737971799426142,1.6239592653663202,0.6561147110960555,0.8481853125086412,1.266732171988524,0.7590878387168996,1.2321619574887954,0.6136330361937068,0.2875475720684868,0.790715280533175,0.8411114917138631,0.3157232684497462,0.07475374044368976,0.2527446910409914,-0.2723241349416723,-0.2946103530470401,-0.3240245990817634,-0.14879246541925006,-0.588090646149098,-0.5578339780875767,-0.5596958071967251,-0.8280607503875688,-0.6139516076985547,0.055289186373418175,-0.6817152495708649,-0.9235025507687968,-1.2599118679642265,-0.3562663252458371,-1.1470617215554162,-0.7817445424087159,-0.8326195489272843,-1.2638756934138904,-1.308874094094569,-1.1347164247237087,-1.1403054171232432,-0.6961782132654415,-0.7017648439457744,-0.9765757189575961,-1.5045924599956688,-1.7508806419601033,-1.7263821242968067,-1.2715799031402568,-1.258761467152473,-1.4659243984413024,-1.3144045720526556,-0.9675462993064272,-1.259819252753129,-1.5204791879321222,-1.7687253622985706,-2.022460370313807,-1.5366404339462676,-1.5511565747234544,-1.7047080428556711,-1.3994862682413896,-1.7152923389526924,-1.3896813380423376,-1.7834958941719696,-1.4829575998023241,-2.619055006976849,-2.5641564694540575,-2.289924773285345,-2.2497103155230844,-2.0556562372502105,-2.000282873917973,-1.2595329252393164,-2.42982681924245,-2.26164915021824,-1.8983486621697194,-2.2538137264470652,-1.4413629574084652,-1.4058222949523644,-2.5401148259415267,-2.838925556804268,-2.0491731403703115,-2.4298441028664017,-2.6015355512600777,-2.906059513876704,-2.351405704793315,-2.7096307361567016,-1.7789833069959418,-2.373786706661493,-2.0991184711128748,-2.2479470454701653,-2.4819852121976185
3.4155853048852585,3.4186723708599214,3.4935394545858944,3.6649498154996794,3.5599433106226215,3.3667379237797945,3.4994284699724183,3.431422162135304,3.5626968049872785,3.491853299721982,3.2899345506323545,3.7489491843017415,3.5893601067869607,3.407237763809201,3.656833624981968,3.4080862397806433,3.324569161185914,3.694445411248486,2.6944557807958933,3.2838898254806814,2.772072589087,2.7177601041081267,3.1519380006740496,3.3683400666475283,2.4417350677357668,2.7352907936999564,2.1364195569239595,2.0335578845086237,2.642874208301113,1.77577951117898,2.2610217995461097,2.5585098290643167,2.6986643878474172,1.748304897062944,1.550698238031237,1.7139949451939476,2.0521996670645564,1.7115547907836692,1.7058579181290483,1.8912662004086993,1.8128058902724167,1.594899308260576,1.8537267645561544,0.7110436196655971,1.972490004642495,1.4949652986917439,1.0726645727812105,1.7733375751878748,1.7717413223740168,1.440996225399707,1.405064456644836,0.8101377715277538,0.6269731969558965,0.81693150901605,1.153900894246604,0.9532701593181994,0.725925921106966,0.7715173546764236,1.2779007787055239,0.5867055644368442,0.621910721324908,-0.13835379701104866,0.29385290790943674,0.48497628163781403,0.3501278534304424,0.93226754744137,1.1298027452267627,0.2620628286767275,1.0312054250231908,0.3143233914653445,0.10711154906366982,0.25824913084008916,0.12295526040998972,0.5847071769828611,-0.3673016283164161,0.6836581119801179,0.9658110488649632,0.2536451213967368,0.08309911418984672,-0.05836190732052415,0.10862390422023172,0.019869171438362976,0.777160722515263,0.6812010360411547,0.20493553217551064,-0.1858865913763461,0.6394884947181207,-0.41037284381260175,-0.6777064091836529,0.2858154761646743,-0.3360210287164831,0.37550376173447564,0.11874258915880809,-0.4962061094353807,0.12457372845740977,-0.6370644128618235,0.020028772860141153,-0.1748071458860494,-1.3030221399942263,-0.06299752960718319,-0.4891653847715327
2.380375377206599,2.032314919239921,2.5095182936143994,2.577335276114929,2.5667101175325184,2.264443054765376,2.622490804579245,2.4972866416651467,2.3040660751856876,2.4004178110591052,2.4061191108055624,2.639326471273839,2.5693530386792727,2.5725747624234785,2.4420532345642814,1.8620517454481185,2.5382775269824407,2.3810643384535846,2.0884490928233026,2.3437955891540225,2.066191682954142,1.9212944863076817,2.1971359597618845,2.2134201195890055,1.8252811827705564,1.6824409432379888,1.6996011281196086,2.0740112290199564,1.7920620457325844,1.965854081231699,1.2519417121380485,1.6138006478210167,1.1086740373687238,1.4023541765303582,1.1201965142619184,1.1497443380315016,1.1618347694522715,1.6840113227996092,0.6363555422757337,0.8350438840601555,1.3555465165014926,1.404775581881923,1.2611933092286733,1.3147062130059544,0.525276455469653,1.1609621698653418,0.8472036273127461,0.10912223549139721,0.43104559427181766,0.5116770763966487,0.08529990029610968,0.49378970867100236,0.5472397813224248,0.4516322121619645,0.07814735276723184,0.4182361532115486,-0.6228226675138524,-0.10413166534077156,0.06159652763997148,-0.16331130943551297,0.5883194297181502,-0.3427708586684721,0.668741577113475,-0.17872950496735562,-0.2716086973557923,-0.45267135628338995,-0.35782411576857953,-0.24041273607262426,0.31885661792310227,-0.15461658824593005,0.16635904039346094,-0.5407930500306994,-0.4757386421908558,-0.242367381568366,-0.48062283920002447,-0.4464129710025402,-0.5975903779500307,0.1187741959979629,-0.6966846604022114,-0.35301747993380506,-0.7621613379233461,-1.4673358989845449,-1.3274836364341374,-0.2851285649908508,-0.857694480301558,-1.3064601736004278,-0.7025939949725304,-0.5660016036663249,-1.01407956782431,-0.8835474675816206,-0.7728112436690271,-1.337613830051139,-0.9638092858510445,-0.6189925906667622,-0.6307690308883362,-1.3910914950781317,-1.2458389819890119,-1.6554324170513501,-1.0001238960166434,-1.426835775302398,-1.0470030822986933
4.694816595148401,4.566296221650668,4.61303153541231,4.517557371370108,4.616031378845739,4.604296916708518,4.51174698937415,4.564316104071258,4.6667126124623515,4.622887957402181,4.61217604789431,4.476125360169058,4.726538837188458,4.634696408462465,4.599069621443967,4.573785474566589,4.680533162859836,4.7439076531124025,2.5947863195611376,1.642464568248597,2.0911685002954457,2.077091068291555,1.2101455921544604,1.07511890867959,1.886549918618778,1.2340509227175662,1.6440096297618645,1.0390460485476494,0.5419519028487629,1.6183580631426677,0.7638609287514972,1.1411137193535765,0.8607630186398572,0.9263944815530953,1.1982057369869734,-0.14737654844466075,0.6503190241612282,0.9945095657044583,0.1447529313049074,-0.3640883040284155,0.321202750877041,-0.17305002289313975,0.4843692496761456,0.20246937268090992,0.2543684333463485,-0.4290503399254302,-0.46751028238571113,-0.1269834102588998,-0.33247972687400207,-0.023466776236284126,0.2731991984190625,-0.08124151951536707,-0.7492914457963913,-0.7902730704749237,-0.7912488643807007,-1.0406014133601182,-0.726993965919541,-0.5908862020159633,-0.04647655302296805,-0.028414003065605264,-0.9927365874499356,-0.5442213894431402,-0.44488172498935086,-1.5744298462417827,-1.3963893267310654,-1.1367876979604494,-1.1626495068583127,-1.0139368176135806,-1.2024081325223,-0.9963545378309382,-1.3419357001130283,-1.4401406803459453,-1.9319138427461109,-1.0679705354586755,-0.5945107440869171,-2.1485225366527807,-1.8553911536700918,-2.1880104836470027,-1.6449714524320527,-1.0964482695048599,-2.231691212764048,-2.5531479846989615,-1.717263063715138,-1.5062462050812977,-1.132305278331863,-1.876359574494356,-1.8143374700247774,-1.976034458316712,-1.3832051474144427,-2.7632640923619785,-2.9107089841367264,-2.190367020474082,-1.5761352095854955,-1.8033754433214684,-2.19673111805829,-2.4215637983136884,-3.053093509583294,-1.775843828522496,-2.3174239229014675,-1.6260695717066227,-3.2446660913382446
2.954431356487645,3.58729452595806,3.3504589888770404,3.0384998524637536,3.219514996372032,3.5808153389861417,3.6029039562827982,3.420564802083832,2.5450396350574165,3.2452731496490417,3.3380670509956536,3.3250867976251834,3.205464499391905,3.5029656027976985,3.3027842351069436,3.453584231485044,3.338216815894457,3.4810244088664373,1.5541364529581152,1.5701696413244246,1.5668805310121012,1.3829834791871747,0.6254607057474493,1.7655110653254171,1.5061366533602571,1.1533083270955542,0.8178226665433561,0.389012203354536,1.3591206640287838,0.2146963419893,0.962287503651611,0.7954925852795931,0.07227810287213554,-0.03623832012610251,-0.04806219005842305,0.22620493174451717,-0.10503108664046401,-0.06557631335609848,0.05963136168701855,-0.09246026217353887,-0.32288974706674267,-0.9270988006220362,0.2779945515250466,-0.8785209730569274,0.10809311959544221,-0.9147368085448901,-0.2100689933116504,-1.042494843887197,-0.7980735053237824,-0.42732381599636504,-0.3712133402700317,-0.5853114010441516,-1.249694851809295,-0.8811256381919934,-1.2787917292803836,-1.5751935299775424,-0.6122053237730531,-1.401453816908088,-0.736959704565872,-1.7038910664635214,-1.5736325982887083,-1.1175839228179916,-0.4353629817254836,-0.7849546720793867,-0.6258143540388907,-1.7874107358934204,-0.7545086483246752,-0.9634226444952185,-1.8992499681608113,-2.2039039770279603,-2.2200616101079946,-1.203004646289842,-1.5401623897044887,-2.035296406263429,-1.9299742030084088,-0.7792816267196025,-2.289355291683992,-1.173645860597916,-1.7740257707873912,-2.4566098983961124,-2.3423517428389102,-1.766438942392675,-2.4018663767735307,-1.1014238529094476,-1.635997895593647,-1.7293929583925758,-1.617965282618485,-2.463191285899515,-1.6057810329854894,-1.32622665161656,-2.674608880255205,-1.6067389261456304,-2.771742370429462,-1.9223990917402407,-2.8411087362309835,-2.751959236811526,-2.785174794614433,-1.7099616105380022,-1.9439161491802937,-2.9226597896691624,-2.1344694167797584
4.408904854360073,4.504851850094577,4.069019105498189,4.604920694511045,4.669514787611657,4.53924942765255,4.5611451693583085,4.51379560614567,4.46508985532273,4.200466608408394,4.604020674641011,4.453617861106846,4.485926305426088,4.37416087365985,4.58530146863923,4.367329091777586,4.352846613235382,4.4364096645494735,2.5641180196205458,2.7844885939639923,2.5044708971437117,2.327711242897357,2.287273211206032,1.8019580596062728,1.8350766305622948,2.1742577116478428,2.4937452197361036,2.324505123751175,1.543744162812966,1.451248731758053,1.3268913230572918,1.1958101995545434,1.5364191980535944,1.9891830080698982,0.8232704431307329,0.870836395373904,1.109816483544396,0.6774555184267861,0.769206319799081,0.5112211936790327,0.44534115686706244,0.9067506146671471,0.9178470853494938,0.8909980097665606,0.7522324718299336,0.7123312493214549,0.9570280391325747,1.1453601302917296,1.2315940632784388,0.02919554876969066,0.06483360514331693,0.2828136978654312,1.0607793684394933,0.6699638586620136,0.5552551419075771,-0.23438273163763235,-0.42959781381609385,0.9008981689929989,-0.09824976790431883,-0.14172128974495646,-0.5429044343541047,-0.08885919042615775,0.716828852810182,-0.4951104085409792,-0.1388091017948705,-0.30424773599730415,-0.21261600237160572,-0.5688748823518974,0.3018866101854387,-0.7029914298014832,-0.8048378669854763,-0.5709692582721297,-0.5155834867715097,0.017563500992333836,-0.31333940973927543,-0.711469585541006,-0.19466209010762459,-0.4547299660476476,-0.18456743579869972,-0.5254892517359648,-1.1696918155131932,-0.13636752718798828,-0.6594839308341038,-0.736995856950788,-1.3744468311321434,-1.643102901696495,-0.6248882764969936,-0.8494063609534113,-0.31132717675349664,-1.3885542638831216,-0.4543408484337057,-1.465986531839727,-0.73964561607478,-1.7062045890940665,-1.5115695724130829,-1.0522672587667348,-1.305265543973909,-1.0560908404100102,-0.7298552604850013,-1.3748038356299688,-1.8698235806577639
3.0606610516234056,2.7304734307902203,2.8264283670881927,2.8391755393959075,2.8569164491075707,2.85810059095503,3.05507758388326,2.9987621176017285,2.779061251650038,2.8451562707764513,2.836132109336045,2.9235301755709386,2.7921652231291816,2.805541307489456,3.094542889998948,2.8176645067851034,2.792679581258678,2.990633654790021,1.6971485933858554,1.8916706808317434,2.439107818383718,1.3792104391600288,1.3419560181700216,1.6716997229316979,1.053711747663474,1.5654892115485106,0.560163574968306,1.1792481191907322,0.6951556271216894,1.5902683812648792,1.07651733378205,0.04143840449007552,1.0232558434804506,0.3925406973955301,0.13167377746170317,0.23277164473022616,0.515460374105797,0.548385532913171,0.7152106125517159,0.4292592388729144,0.14364808881796343,0.2939129124171025,-0.19255558040157705,0.9071676763713992,0.007407145176694385,-0.27456943987116933,0.011341548961795844,0.3222342813549579,-0.4635683256944647,-0.3780475578207314,-0.46029005024126324,-0.6440455933221783,0.19671825441644675,0.3783075960142863,-0.5980648656768288,0.2525439756714025,-0.26017526474749086,-0.5544598986634437,-0.5729928872675885,-0.11468304313351485,-0.5934244481247806,-0.842444023010926,-1.06572917847401,-0.7630885744945717,-1.178603838799444,-0.334617382724109,-0.563915704778224,-0.48514012710475996,-0.41879921666608144,-1.4161181417208777,-1.3059348175350873,-1.467464113174298,-0.5310705989536011,-0.7503378114897421,-0.9097392483730911,-1.1457817124342,-1.6081101570530931,-1.358236575667612,-1.5461146077232142,-1.4759770709463638,-1.643435959485898,-2.1421405682320582,-1.1829271651430098,-1.456741904617866,-1.6754670435184948,-1.47985903052962,-1.9809098247221035,-1.2100904037450917,-1.3935996054090305,-0.7024018695822738,-0.8206109414944862,-1.5354582772450085,-1.6617795091366023,-1.6604559735187685,-1.6896876011481048,-2.113837231619816,-0.9691953848949302,-1.6458302487171244,-1.4366399320297214,-0.9965598759607825,-1.1553218478134362
1.2206093773906321,1.0278707528150335,1.2849605313817225,1.3336638935512184,0.9904493059793822,0.8533999168891846,1.1710294163894925,1.0344791964638844,1.162445579404725,1.2645929724596758,1.148354220299984,0.9547134823653156,1.1640991443728375,0.589534963902496,1.1093754644050886,1.0491493760387485,1.2590883217703048,1.0545395308494996,1.0223575279989063,0.6723387314927489,0.9701383520479983,1.0089772591395114,0.6694494226682952,0.9550840044275901,0.788077024672079,0.900031109791831,0.9487357916362793,1.0249291567513374,0.47947230990517475,0.1185031542963273,0.9290162993944744,0.5017012877657692,0.8357125355703392,0.5645145994352916,0.31598139995627683,-0.09117686975849004,0.5105244583025978,0.3017564425499053,-0.021036253543615047,-0.13793090285754417,0.47204456627920344,-0.5947601276930436,-0.040382186267585496,-0.4912040782700178,0.06106607064861436,0.19123520929626459,-0.4952356508919262,-0.5290598688259074,0.2976274335532185,-0.8049961781423063,-0.07215081634033638,-0.26126639431237564,-0.6022799194391313,-0.30974457780535936,-1.0847590319811813,-0.9930412524946215,-1.038766628234833,-1.092249137280608,-1.1513989215684912,-0.5745497927293597,-0.3301801564590381,-1.2601898309715178,-1.2983059902618477,-1.4972659313825076,-0.531387412732478,-1.5873752534438346,-1.2656160042324824,-0.4210616526472366,-1.126389367150094,-0.5014052425005264,-1.4307984110588796,-1.5687688292967925,-1.5194522761330438,-1.0730156501028194,-0.8863559797076483,-1.3508223070969487,-1.08834615489618,-1.5012690778451754,-1.470248253719575,-1.0250792587016804,-0.6725605147088736,-1.872689290240758,-1.714452833041543,-2.0044920219544995,-1.8833161136136756,-1.5562192714545198,-1.8244041686298313,-1.6589192513587863,-1.1192764880330621,-1.41043133839481,-1.3239364544334844,-2.0900756760185226,-2.180887810305549,-1.8140384901927504,-2.0016447384155382,-2.2160328078972595,-1.2441118058739509,-1.9821091474214434,-2.1694601998870313,-2.2707609736723233,-2.0588785454923535
3.073093535254632,3.0923628383151467,3.052069589554878,3.029784350564447,3.0083772958034922,2.852953449792805,2.9312677493658352,3.059785912105357,2.910918453591175,2.986854143768811,2.988005445260998,2.8479953825639726,3.02949769951785,2.798090463834125,2.8328745620761,3.092996200576767,3.012184193048909,2.8094103159156347,2.8397240060628395,2.6939734212582804,2.633433890717747,2.765912243452921,2.164071277109369,2.6865680735017943,2.4704763011911046,1.749446598299083,1.7693217735901001,2.3732064551368817,2.590297947496926,1.7037096276064414,1.8683388899135753,1.636239883887873,1.281253327154766,1.115633063988307,1.702523406975195,1.1618815170329828,1.1775714539136954,1.2311857877687897,1.4497168339314568,1.8491601934773216,1.0907825240619893,1.0383640891454817,1.0405029485164103,0.5554320735030212,0.8783305656619813,0.8270119925106734,0.5962856504700884,1.2615077248782454,0.7806469387788573,0.7068510483027097,0.691832258631095,0.9162903049872355,0.8891057088997742,1.1056806225270632,1.1919443685826172,0.6081488304495499,0.8715837222792411,0.3529747923240576,0.7895311481926548,0.8426247127544579,0.33000416802205823,0.26795350837948284,-0.3171971732732546,0.4882027133903142,0.27510616365550256,0.7515838145570886,-0.14250380332427426,0.17826698500215166,0.20202649321887822,-0.13028281825669463,-0.280679888841199,0.1821941812697485,-0.29960979915308883,0.15728409059474213,-0.5504623635488413,0.024466396232027954,-0.5103578598529248,0.06957398834946993,-0.4347262196168309,-0.11757261670457719,0.2913373677448483,-0.06786971886798021,0.5435097955454546,-0.09038067622666812,-0.8190682242384746,-0.3101940715851832,0.039942501530019214,-0.9296552276606338,-0.3094133855754526,-0.47284951956297316,-0.5168289474521455,-0.17766624295624034,-0.1616998331227375,-1.0166272388398836,-0.6121698341325796,-1.1111857186092786,-0.7518638391649102,-0.733319293512924,0.07093407361039183,-1.2717141327652577,-0.5289006481245568
2.5932959862932545,2.9433107859356165,2.360923073201139,2.8471686328674517,2.784084434710116,2.6244403152239055,2.835918611864818,2.847552500137258,2.822389132335517,2.6238152381737923,2.6108196990230397,2.9373595417270844,2.6611221968406786,2.8853345993799975,2.842085254859227,2.7282123279884773,2.665855398314312,2.807472786715411,1.624234310520011,0.7298683465024487,0.8004775956581414,1.4190603620128739,0.4864863769887453,1.3153799051719313,0.47650323841275366,0.3665404120476916,0.9354246788607563,-0.09758735765377669,0.06152300401261446,0.5888779556234454,0.1635002302124242,0.283687090403725,0.1914127998962769,0.3649919861358981,-0.22219960574777797,-0.25865996203246944,-0.209358764775172,-0.7128859225283559,-0.6686046700980111,-0.13686674284431177,-0.8118935741165156,-0.4416867255398813,-0.20933959203732577,-0.753579918922874,0.1060486273829504,-0.9764260408798382,-0.6287694267398773,-1.0225960232141178,-0.5901424601010588,-0.6575638956881029,-0.7987981238947404,-0.3369879355245944,-0.6251025918511042,-0.19748695498895863,-0.5063536221570075,-0.9446292077549243,-1.9510033702986682,-1.10864943772303,-1.7947182061665758,-0.6431488386922011,-1.7330163224245556,-1.3127514559287636,-2.141633378476441,-1.702333852005621,-0.9832006697307083,-1.958473408323063,-1.5887843602921308,-1.9928862339820208,-2.166184992658226,-1.9678184006940347,-1.1446147862854845,-1.4618055864855055,-1.2390501487152985,-1.4913571797700795,-1.3180852249659925,-2.3618656359993846,-1.7503328686387496,-1.7114305965078307,-2.4437607570703905,-2.7414855010236137,-1.4517682931006126,-1.6873541400555707,-2.150506419306369,-1.256351994338016,-2.547436752100885,-1.9553461715447193,-2.1227916696718943,-1.65949975372099,-2.5669879206432524,-2.227166096375983,-2.4383822092367167,-1.8780281454527143,-2.959162808582501,-2.859051595029009,-2.3988261031302898,-2.131102334687599,-1.8618566607724691,-2.1285132900997965,-2.9450903887942146,-2.3265442570034143,-2.8562189239266003
4.475919110650266,4.34158245309965,4.27315810043063,4.39323648662558,4.530105395153076,4.427474396067013,4.1922305599836065,4.361372299434375,4.421172335631345,4.386267968270179,4.412214102768884,4.4272696629290005,4.3432649806434345,4.308586936382931,4.312172152034205,4.472151615525926,4.388333820733647,4.371251666881157,3.5602368190293037,3.4702701188506175,3.877400471941997,3.5698916343537643,3.4834123737770444,3.7693712846105205,2.97487638437749,2.3942601838439517,2.7379918496529125,2.681670901322187,2.504104834731926,2.3299864190380397,2.4736061956927067,2.0055363936981525,2.9492089378977138,2.860803306803554,1.609466849080639,1.6803529616225648,1.974579317281762,1.7262922220126589,2.2391256182850983,1.6380323420926413,1.335876257641658,1.3653398471067915,1.4130523807266426,1.5044089463216705,2.201631871437362,1.196728313464658,1.6165059594369886,1.3522547579355768,0.9930399860983643,0.9916413217646447,1.4558210648251686,1.160774546248537,1.984737473487109,1.4522820110306514,1.3486030241884324,0.9589828020705085,1.556866087961236,1.4654177524418035,0.7412747694979851,0.9180536938277823,1.0648804937991265,0.38776640172044274,0.22026746593974345,0.41246056483609284,0.7400545455508931,0.9568276374708562,0.5915619731161037,0.7089870577013189,1.1142407254595472,0.12866659442626194,1.0489134607259798,-0.20567374299428565,0.46688412646625377,-0.2382143748340475,0.27475775764816124,0.8273783141694464,0.3284032082402,0.3064403966273659,0.14712027720903276,0.6222890491756123,0.08972968626343736,0.376606971714712,0.01940390684757798,0.49651282019601783,0.18752106294828685,-0.23356781713597208,-0.5471966527040157,-0.18252144495625888,-0.19948381359981227,-0.7118911667519336,-0.7189242506244939,0.4564154163079426,0.3141079953417538,0.5351541253116396,0.34742429589710166,-0.6333968706268669,-0.7700875361565389,-0.8381857882324466,-0.0016395877837247497,-0.8743352168657594,0.1395338534358741
3.5983308137879293,3.4603860955336714,3.5643710773220914,3.600785075329343,3.693426216229767,3.548019883336038,3.3761378882003106,3.740790408654071,3.3602466365362,3.7257720947351247,3.620345755807004,3.5851412916513787,3.7452283951060448,3.7063850595601826,3.569234523723127,3.74109446950511,3.0581974422313847,3.6893067930198384,3.4906987971598795,3.2664864370332873,2.6827201759701182,2.924124003691933,2.815897828432605,2.071486337098171,2.4926940195862572,2.4692772234562748,2.9330038537110736,2.5675326105738137,2.1722255730979185,2.730998238803706,2.5121961432608773,1.7910431486831708,2.4828873471152093,2.1686512313133646,2.251535757788189,2.119696770028243,1.423011702588452,1.433185879173248,2.257505099952173,1.567776814651558,1.5793763837401658,1.6166854950446412,1.002282616835271,1.2929336714158222,0.828172212766316,1.6994898258500628,1.367442039912281,1.2556913208183982,0.9602275571516081,0.9027393971587854,1.1713160737956922,1.4776058920856148,1.1498742957267503,0.5982340633110033,1.0082315960517612,1.1549474955333263,1.3233445878247254,1.3723748027055613,0.6953273377380471,0.5789571203313608,0.8282017037860401,0.840421971295112,1.3896451989230991,1.0292029676294359,1.3188623383180387,1.1343919608327795,0.7855319260405516,0.29287161494115743,-0.5060294499890343,0.023757914192582774,-0.1250624967609495,0.7272178660803004,0.5305140464213745,0.6421608535532606,0.3015648089405065,-0.07847085787922481,-0.020472699964861896,0.28254145847638945,0.5207226841953458,-0.16203578124380247,-0.24696456873150474,0.20069519209905007,0.5213897318594345,0.2711875601844893,0.7507140503450831,-0.022173853582767578,0.1285481868119085,0.5623760594255875,-0.02331338749797318,0.14922318176038551,-0.1733593751689062,-0.2648238451295537,0.2591624921091533,-0.8515845111749867,-0.511421060071295,-0.6915119715911793,-0.1078330048238394,-0.644508343207268,-0.5684210985293836,-0.19025251320780967,-0.9496138375596468
5.671427653728374,5.280153189166338,5.175685386372334,5.471067851006172,5.403059731791018,5.6018807950925025,5.329552908455889,5.5392474211418055,5.594866052547406,5.570808146088004,5.245566750698514,5.418871137990662,5.430539101830493,5.473123428307099,5.5936264450706545,5.557318133442888,5.3991664366113135,5.328337851522857,3.856457971126008,4.423571251456504,3.5416027019080563,4.4058364744284075,4.312191819944878,4.227698438377213,4.252115789228555,3.3770235451665407,3.279953200070559,3.7099193038008345,3.4964312519685903,2.4705595256039103,2.4867880457112808,2.7884420490936064,2.8744577350151577,3.1786455165694782,2.3159224743971043,2.9530559606935096,2.0035179137862578,2.670875162492365,2.177794020026914,2.4429146365598218,2.297773710300767,2.272859377874827,1.5141062951518078,2.666640866076717,1.8121561554368881,2.641215943518275,1.8842467255588708,1.2050430798464422,1.8283207434817674,1.854253292431153,2.092959702897046,0.5126079798731675,1.2188943238988292,1.0570514902203794,1.9187488671602226,1.0905954694477424,1.7568276789025283,2.130105121080649,0.4833068659014561,0.8994829377651401,1.1517888248586452,1.078418600940057,1.2901864686690603,1.8864915539398526,1.3469897979031362,1.832547879880785,1.429980643630162,0.5266916326234048,0.40797489157384437,1.0412479166559443,0.2805819192116026,0.10592833562818793,0.5949265952066396,0.6177143490691677,0.1910437035323369,1.5026951106241393,0.1586975320861468,0.3699590840303575,0.6428448091646946,0.8255844962320591,0.629468732492251,-0.12986143690830065,0.7413084291725758,0.15516740185823075,0.2820670781778647,1.0708017404365497,0.2801414529180688,0.14946370666642927,-0.7037981433189211,-0.15316766801338222,-0.3655360684198996,0.2100498135467852,-0.6096913275846676,-0.3293991302766113,-0.7183171191925908,0.10740221477418022,0.1521625557912598,0.3048425286979306,-0.3757122608581547,0.15241074305209334,-1.220089563578548
4.159315440242581,3.9953529455935586,4.085959021149665,4.213249028088802,3.927644125557821,4.174560590011554,4.154587018496138,4.001866189677769,4.0635136919304555,4.000056884276124,3.892952668978894,4.120169616600461,4.083855378670696,4.059852337374005,4.037329725375834,3.8794061095293815,4.11328699379764,4.251689624594715,3.170426541962458,2.095748758472074,2.512334080027429,2.6390409507663266,2.330889913736378,2.3209478354216033,1.8998402949559035,2.180272455305399,1.5504593629522132,1.6947880337621912,1.5350072761600675,2.3394736208508213,2.0993018557489433,1.5557957085081542,1.7025168508881485,1.6969494695643865,1.455654447935932,1.8130698627855946,1.1715800174172823,0.9359232853710342,0.5614469535366959,1.6991461392721217,1.8562111628300197,1.1120046450685965,1.5312400059697122,1.563428933789604,1.3478132107666871,1.344891667880077,0.6978137354555187,0.5622999626338281,1.227144699154624,1.0510921738707903,0.18019827383569798,0.2511278642064232,0.8893842661300964,0.10392613303156484,0.2615839799573685,-0.10160002811762059,0.2482498507055091,0.5520796976560263,0.7013912572590959,-0.12338574358376508,0.522426147650001,0.1579552775681412,-0.32234119200621336,0.20873225020826514,-0.40964675603583167,-0.4532060830374691,-0.5271233341727735,-0.6928855061444636,-0.3616600590572725,0.61295493734867,0.4852304100008622,-0.2646656340544844,-0.4298709779867895,-0.6936461858883858,-0.461772775579683,0.3317447603416248,0.19931653779268643,-0.7697091534046896,-0.5967561231579799,-1.031488046164534,-0.24396357000682212,-0.7940609092235551,-0.7881480892867341,0.15027837057006543,-1.3065858166920066,-0.8756376618083399,-1.0664456268129205,-0.6308953581843895,-1.1418728216495522,-0.700009012048473,-1.2563920240013111,-0.9633559466444348,-0.3045424377767416,-1.4044483444523905,-0.4254691128421628,-1.6855290631753208,-0.7962523327983444,-0.675126193718997,-1.6732413687878704,-1.4153207395946135,-1.7742325586586345
3.922809327823468,3.889332202551384,3.8464787791606145,3.7032763136706874,4.0925960926993925,3.939220324775821,3.8665880878679495,3.8749697521651196,3.881103040006357,3.9739982047215943,4.006368519078114,3.878407443004236,3.8413643666325754,4.061881501178973,4.033273902882917,3.90098347481268,3.98293731143442,3.7007644675295337,3.842425076102627,3.4623062358887875,3.711625419348974,3.7341489953567644,3.427865609362808,3.8374587906161635,3.643838218214304,3.4977499572659196,3.6413064965422164,3.7894200175903388,3.760126304066974,3.648973506440976,3.412271692835236,3.021399478582504,3.612562122759189,3.735654322611923,3.6113332759625516,3.202740399651022,3.090218265502954,3.55914818236542,2.847731504025117,3.198539389465549,3.523932758520983,3.638913080916139,2.9003206507694435,3.6191692200708268,2.632024762840101,2.527940828450041,3.308158659173401,2.387892137033944,3.31853367280784,2.2299011833308198,2.0431996549313762,2.9239862292562133,2.53310569655031,1.8975467977711906,2.3271072699263957,1.9178787870235396,2.3352288636818326,2.32642617650784,2.2025579586998463,1.5153368852909317,2.556965954825344,1.5318608794092006,1.8639374826602992,1.3267619664083137,2.466794382626812,2.2949292200621816,2.4597784005633168,2.5229391790938944,2.26632065621987,1.7203869303960229,2.5888879678493053,0.8602653795117039,1.3689130110817063,1.6245728679455151,1.680560511083245,2.2345738223081613,1.513099474592443,1.1009176909740166,1.0965768685028747,2.0257281237906666,1.109239449091925,1.2396101637947616,0.7435491870664004,2.229219941705722,2.1603394788607435,1.4007067700598714,0.9374389640592664,0.8708687868788694,1.8212641870793362,0.7923479393067066,1.1359664656546444,1.835324485845125,1.2448827437825205,1.5646290211254357,1.2808374269570875,0.9680517762936844,1.5172205505534189,0.9135812165365031,0.9002501931300539,0.7019340124887323,0.6507167659786592
2.4619961411618574,2.536127501697851,2.2778372257976596,1.7655087016248885,2.291943817915559,2.3899217533947077,2.536464738493093,2.4385407386325877,2.418977894131876,2.39024266008807,2.3344610804954824,2.2437975635559635,2.4468655352420594,2.521953042280659,2.417803619469902,2.442493014271287,1.998317961977084,2.460677636343653,1.0175303810629623,0.4657339603058812,-0.009933633035916323,-0.5239672945737262,-0.24666695783037884,-0.4097848577900418,-0.4010727242662888,-0.7660439679132542,-1.087157032334554,-1.156558258032427,-0.23369031771856807,-0.6904021297259337,-0.444748938244067,-0.6131141486148035,-0.6970043901153344,-0.5586099298057237,-1.6689334008458525,-1.8737004755040596,-1.0185060341044805,-2.233854113832386,-1.4622451790557545,-1.474584640938989,-1.890544532352628,-1.5624299854021988,-1.7476433251268944,-1.5037057007526347,-1.8944053395057319,-1.8820867142389464,-1.3333741268345038,-2.498686541987107,-2.2381770769467124,-1.5557651440117342,-2.3018854679029133,-1.483899395625853,-2.7467883667613915,-1.8141657394885229,-2.4080189174539184,-1.882326135179201,-2.5679513976817248,-1.9860208286890169,-2.2072159161563807,-2.747590492902537,-2.1741410019085894,-1.8410488678889374,-2.7376664907515673,-2.4256086102081085,-3.1167234835254796,-3.193653804151773,-2.524185175719855,-3.0929622249574598,-3.021018849308291,-3.005627742951847,-2.926242500570922,-2.6861266558875236,-3.140568099127883,-2.4620796146402917,-3.061836573896663,-2.1975082282270604,-3.201024406297468,-3.816998306591421,-3.7021214014562984,-3.2461230257111717,-2.9765495469398893,-3.764922828433871,-3.8087488897996233,-3.452333022986009,-3.9676398852464283,-3.7435894379189416,-2.6655833627399934,-3.6049338671045073,-4.070448879150449,-4.362199154996937,-3.40376950411033,-4.241650549175133,-3.5212253234370907,-4.433208628304966,-4.26768149905249,-3.625348291342446,-3.743317204111452,-3.3435840427466914,-3.023237387017156,-3.7226860521712557,-3.811674470061211
2.0537429477409495,2.1654482646635955,2.16546195643088,2.1322452321047267,2.134562815984303,2.0444216986214396,1.9768610038779721,2.146051631071691,1.862145558584249,2.0459979816772433,2.0980393419403853,2.1605933385371134,1.9981243714813388,2.1466492115551556,2.1587884569828857,2.136242258791321,1.9797887804445535,1.9179987330979547,1.2513654221411814,0.9546286944482381,1.1431123949028867,1.3983104403954094,1.1142235056212764,0.6407150007649607,0.5179891426855274,0.6672075965643991,0.8249845006578589,0.95274681507171,0.40570782492159996,0.5490913060536631,0.510159524551856,0.30375786397783155,0.15862834737537046,-0.5013657520257846,-0.19900816966380308,0.44048293321970355,-0.501419106272385,-0.007260112952012676,-0.13035442537125785,-0.42386012993824185,-0.315230862317037,-0.49160408050875226,-0.6858472843612953,0.12722462926341382,-1.0291585070287814,-0.842650533520878,-0.8201905881408171,-0.8461366331854876,-1.1306923453811955,-1.0020687060524862,-0.7421291364469864,-0.21236145975414988,-0.7243283673111964,-0.6984610351870675,-1.6224887636084437,-0.39713816082460074,-0.8641193741314739,-0.9882914301314418,-1.4971332866291762,-0.7454919820239798,-1.2402050329202785,-1.1566218054581867,-1.6455495304450931,-1.4428553592667503,-1.5671963347747537,-1.5975482118120121,-1.1475432652197144,-1.4106722015883477,-1.7914973411656891,-1.484572240723101,-0.9749517641775203,-1.536467011947539,-1.0986965658336558,-1.9139640305269152,-1.1740015503606482,-1.6702135945824992,-1.3170102469767784,-1.8746876116025284,-2.2219744615934465,-1.6562316380652815,-1.7238031439436359,-2.3395808319878793,-1.9895311112513445,-2.5162195528567457,-1.34318628616459,-1.8050468224912741,-2.1874757854353195,-1.9301275903363235,-2.1550595703223285,-2.45291654483319,-1.7105569047789437,-2.153806015849068,-1.7646353927247747,-1.7554024434177826,-2.5327599565080545,-2.5239697763005413,-2.5702315642314817,-2.009203795218908,-3.1249655479295084,-2.3221723447306974,-2.6214745654010585
4.829436369979439,4.741681597124046,4.652525407402395,4.886110933892768,4.656813766368545,4.7922778313842285,4.5203858477000125,4.5686038404842,4.683643841927669,4.5743364551099,4.659794042835001,4.733784148996247,4.892068089807834,4.645208994371641,4.696374951671574,4.846943228081703,4.771939767287865,4.892519568780264,4.796736282353331,4.682036278745656,4.643011793626887,4.858469150114731,4.854401189425753,4.655660304486827,4.580191796243501,4.699840759633255,4.855566243567632,4.793837444943151,4.748040899820348,4.835420905303157,4.82653231257814,4.80011919568566,4.763812203202568,4.896069316558328,4.749939769474076,4.774329655942826,4.777730976764344,4.7291694589646855,4.865545002102411,4.704582772708592,4.853873777980358,4.464021295357975,4.610110709379793,4.799132105235015,4.79604339331257,4.1938977611467685,4.879990544053939,4.674687796104955,4.733067307810196,4.5917054831205375,4.6854034170862295,4.6541544350905,4.685069391242042,4.524513408989467,4.756568000377306,4.840327429579874,4.876901424735196,4.679608468662056,4.815214328686533,4.83920678237649,4.8995611319758705,4.797899111324768,4.770182171510157,4.709398304099107,4.768696940886315,4.894626972801166,4.847567095921223,4.6008226150291796,4.686440711520009,4.772894860925137,4.6312924157121325,4.809402458142017,4.740511205691954,4.681379000672427,4.699134789415439,4.773275425741032,4.78897514148866,4.717238973572466,4.717770355968922,4.771001381768435,4.93678768049963,4.629457321751699,4.80783260495079,4.833274538024287,4.802953850335326,4.792849919153423,4.736100862035937,4.6828862297082114,4.809425693382001,4.58228778586009,4.828316171809297,4.406698696311945,4.872836845296014,4.872010324845795,4.794337070743424,4.69346604732461,4.714314912619969,4.834129670970049,4.7646050028059435,4.717310088873696,4.569577696498572
2.93664255581817,2.9190139636679655,2.85978520057696,2.983504413553268,2.946389129349263,3.0343821051167446,2.786584666706803,2.762189906267486,2.975157117328668,3.0091444944895276,2.8390940653303334,2.8610307229199403,2.9639159923041944,2.8824222717496895,2.9321601501890697,2.905708557476175,2.7932363327162077,2.9468661387159854,1.2353440761314616,1.5513810086903792,1.6976852713008288,1.3724410811802814,1.2725118303937926,1.840206528749099,0.6280431675510716,1.3328034656341234,1.3307793024082013,0.6122315927345525,0.21816386322339287,0.1579221215725486,1.1127622603642013,0.3879054676223781,0.8549575012356003,-0.22338142960044927,-0.08408124356498625,0.9195545380534131,0.13074102516799968,-0.3657747423858764,0.12095653996685218,-0.1353791544276799,-0.03901755180851918,-0.6157357865513831,0.17189094325119925,0.007570889109689283,-0.22545319512813933,0.1730754814620612,0.09126667500858776,-0.29577807283419943,0.046837718737680945,0.10266631999783726,-1.0791018040589107,-0.889037001808207,-0.5250011502027174,0.011633020027450591,-1.1217170520966029,-0.2874966720546279,-1.3098593922007282,-0.8976313924485657,-1.2087090153926976,-0.34769660675543523,-1.868946367979424,-1.0056002406756317,-1.0813401915669,-1.9670289394402403,-1.5419672432302622,-1.7849767713255797,-1.7042815008320087,-1.220226135768959,-1.504964350849236,-1.9227113910728963,-1.1522573955568918,-1.6897900871213372,-1.223766791738532,-1.2270592020306248,-1.9072974950449657,-1.6345291436189644,-1.1310418796534147,-1.4756445318865534,-2.1089753291179907,-2.351569837759657,-2.567860884126225,-1.7430268172223995,-1.5925979004614241,-1.6314082818614324,-1.2686902697852105,-1.5965391147034218,-2.4492426357951933,-1.4890776785620616,-2.214536670931861,-2.329500036637187,-2.1931385952138562,-2.2469142291629103,-2.6244314310232664,-2.6184147356338583,-2.7458153229051296,-2.5529938881213647,-2.3059184411275213,-2.755652680779826,-1.7584656842727027,-2.2167312019129755,-2.015846201955463
